time,silent,transient,persistent,self-evoked,asynchronous
0,0,0,0,0,0
0.01,1.125,1.125,1.125,1.25,1.5
0.02,0.125,0.375,0.625,0.375,1
0.03,0.125,0.5,1.125,0.875,1
0.04,0,0.25,0.625,0.75,1
0.05,0.5,0.625,0.375,0.25,0.75
0.06,0,0.125,0.75,0.5,0.75
0.07,0.125,0.625,1.125,0.5,0.75
0.08,0.25,0.25,0.625,0.375,1.25
0.09,0.125,0.625,0.5,0.25,1.625
0.1,0.625,0.25,0.875,0.875,1.5
0.11,0.25,0.375,0.625,0.5,1
0.12,0.125,0.75,0.75,1.25,1.75
0.13,0.25,0.25,0.5,0.625,1.375
0.14,0.375,0.25,1,1.25,1.25
0.15,0,0.5,0.375,1.125,1
0.16,0.375,0.125,0.125,0.875,1.25
0.17,0.25,0.125,0.25,0.125,0.5
0.18,0.125,0.375,0.375,0.375,1.375
0.19,0.375,0.375,0.375,1,0.375
0.2,0.125,0.5,0.375,0.625,0.375
0.21,0.375,0.5,0.375,0.5,1.75
0.22,0.375,0.75,0.375,1.125,1.375
0.23,0.5,0.5,0.625,0.875,1.625
0.24,0.5,0.25,0.75,0.375,1.75
0.25,0.125,0.25,0.75,0.375,0.625
0.26,0.25,0.375,0.375,0.625,1
0.27,0.375,0.125,1.125,0.75,2.125
0.28,0.125,0.25,0.625,0.5,1
0.29,0,0.375,0.25,0.75,1
0.3,0.375,0.375,0.5,1.125,1.625
0.31,0.25,0.875,0.375,1.75,1.375
0.32,0.625,0.75,1,1.5,1.75
0.33,0.375,0.5,0.75,1,2.25
0.34,0.25,0.375,0,0.875,0.5
0.35,0.25,0.25,0.75,0.5,1.25
0.36,0.25,0.5,0.5,1,1.25
0.37,0.5,0.125,0.75,0.25,1.625
0.38,0.125,0.375,0.5,1,1.625
0.39,0.5,0.125,0.875,0.875,0.75
0.4,0.375,0.5,0.875,0.625,1.25
0.41,0.25,0.125,0.125,0.75,0.75
0.42,0.375,0.75,0.625,1,1
0.43,0.5,0.25,0.375,0.125,0.875
0.44,0.25,0.375,0.375,0.875,0.75
0.45,0.25,0.375,0.75,0.875,3.375
0.46,0.125,0.5,0.875,0.625,2.5
0.47,0.5,0.625,0.75,1.75,2
0.48,0.5,0.625,0.75,1.125,2
0.49,0.125,0.125,0.25,1,2.375
0.5,0.375,0.75,0.75,1.125,2.125
0.51,0.5,0.625,0.875,1.25,1.5
0.52,0.125,1.125,0.5,1,2.25
0.53,0.375,0.375,0.75,0.875,2.25
0.54,0,0.25,0.25,0.625,2.375
0.55,0.25,0.625,0.5,1.125,3.625
0.56,0.125,0.5,0.5,1,2.125
0.57,0.125,0.125,0.5,0.75,2.25
0.58,0.125,0.25,0.5,1.5,2.25
0.59,0.25,0.625,0.5,1.25,2
0.6,0.25,0.75,0.125,1,2.375
0.61,0.25,0.625,0.5,1,2
0.62,0.25,0.25,0.25,1.125,1.375
0.63,0.5,0.625,0.625,1.25,2.5
0.64,0.25,0.5,0.875,1.875,2.375
0.65,0.125,0.625,0.75,1,3.375
0.66,0.5,0.25,0.625,2,3.375
0.67,0.125,0.25,0.875,0.75,3.875
0.68,0.125,0.125,0.625,1.875,3.75
0.69,0.375,0.25,0.625,1.625,4.25
0.7,0.25,0.375,0.875,1.5,3.875
0.71,0.5,0.125,0.375,0.625,3.875
0.72,0.375,0.875,0.75,0.5,2.5
0.73,0.375,0.25,0.375,1,2.375
0.74,0.375,0.25,1.125,0.875,3.5
0.75,0,0.25,0.25,1.875,3.125
0.76,0.5,0.375,1.125,1.75,4.125
0.77,0.375,0.25,0.125,0,4
0.78,0.5,0.25,0.375,0.375,3.375
0.79,0,0.25,0.75,0.625,8.375
0.8,0.375,0.625,1.5,1,6.875
0.81,0.25,0.5,0.75,1,7.375
0.82,0.25,0.25,0.75,0.75,9.875
0.83,0.375,0.5,0.125,1.5,5
0.84,0.25,0.625,0.5,1.125,10
0.85,0.625,0.25,0.625,0.75,8.875
0.86,0.5,0.875,0.875,1.25,8.625
0.87,0,0.5,0.375,1.625,8.875
0.88,0.5,0.5,0.375,1.625,7.625
0.89,0,0,0.5,0.75,8.125
0.9,0.25,0.25,0.125,0.625,8.875
0.91,0.125,0.25,0.5,1.625,8
0.92,0.25,0.75,0.375,0.75,6
0.93,0.25,0.625,0.625,1.375,7.125
0.94,0.375,0.625,0.75,1.375,4.875
0.95,0.25,0.375,0.875,1.5,5.125
0.96,0,0.5,0.5,2,6.75
0.97,0.25,0.875,0.5,1.75,6.625
0.98,0.625,0.5,0.625,1.25,6.125
0.99,0,0.5,0.5,0.5,5
1,0,0.125,0.25,0.875,4
1.01,0.375,0,0.875,1,6
1.02,0.125,0.5,0.25,0.75,5.375
1.03,0.375,0.375,1.125,1.375,6.25
1.04,0.375,0.5,0.25,1.75,6.125
1.05,0.375,0.125,0.125,1.75,8.25
1.06,0.375,0.375,0.5,1.5,6.5
1.07,0.625,0.25,0.625,1.5,7.375
1.08,0.25,0.75,0.5,1.375,5.375
1.09,0.25,1.875,0.75,1,7.5
1.1,0.125,0.375,0.5,1.125,6.375
1.11,0.25,0.875,0.375,1.25,4.625
1.12,0.25,0.75,0.875,1.5,7.375
1.13,0.25,0.25,0.125,0.75,5.25
1.14,0.375,0.75,0.125,1,7.375
1.15,0.375,0.5,0.5,1.375,7.5
1.16,0.125,0.625,0.875,2.125,14.375
1.17,0,0.375,0.875,0.875,8.125
1.18,0.625,0.875,0.5,1.25,9.25
1.19,1,0.25,0.625,1.75,8
1.2,0.375,0.125,0.5,1.5,10.25
1.21,0.625,0.75,0.625,0.875,8.125
1.22,0.375,0.375,0.75,2,9.625
1.23,0.375,0.125,0.25,0.625,6.875
1.24,0.25,0.375,0.375,0.875,8.5
1.25,0.25,0.25,0.75,1.25,9.125
1.26,0.25,0.5,0.375,1.75,4.625
1.27,0.125,0.625,0.75,1.125,8.25
1.28,0.5,0.5,0.75,0.375,7.625
1.29,0.375,0.125,0.125,1.5,7.125
1.3,0.25,0.375,0.375,1.375,8.375
1.31,0.375,0.5,0.375,1.25,3.875
1.32,0.625,0.5,0.625,1.375,4.375
1.33,0.5,0.5,0.375,1.5,5.875
1.34,0.375,0.5,0.625,1.625,2.625
1.35,0.25,0.25,0.75,1,4.25
1.36,0.25,0.25,0.5,1.375,5.25
1.37,0.375,1.25,0.375,0.75,4.625
1.38,0.125,0,0.25,1.25,6
1.39,0.25,0.625,0.75,0.375,7.875
1.4,0.125,0.5,0.125,1.5,8.375
1.41,0.125,0.25,0.375,0.375,8.375
1.42,0.125,0.25,0.625,0.875,13.875
1.43,0,0.125,0.25,1.25,10.75
1.44,0.625,0.375,0.5,0.5,12.875
1.45,0.5,0.5,0.5,1.5,9.5
1.46,0.375,0.625,0.375,0.875,8
1.47,0.25,0.375,0.125,1.125,8.625
1.48,0.25,0.625,0.5,1.125,7.375
1.49,0.375,0.25,0.375,1.5,9.75
1.5,0.25,0.375,1.125,2.125,6.375
1.51,0.375,0.625,0.625,1.125,5.875
1.52,0.375,0.625,0.375,1,9.25
1.53,0.375,0.625,0.5,1.375,6
1.54,0.125,0.75,0.75,1.125,10.125
1.55,0.5,0.875,0.75,1,7.625
1.56,0.25,0.375,0.625,1.5,9
1.57,0.5,0.25,0.75,1,11.625
1.58,0.5,0.25,0.875,1.875,7.375
1.59,0.125,0.625,1.125,2.25,10
1.6,0.25,0.125,0.625,3.25,11
1.61,0.25,0.375,0.5,2.625,8.375
1.62,0,0,0.875,2.625,8.75
1.63,0.125,0.5,1.125,1.5,8.375
1.64,0,0.375,1.375,2.5,6.375
1.65,0.75,0.125,0.5,1.75,5.75
1.66,0.125,0.25,1,1.375,5.625
1.67,0.125,0,0.125,0.625,5.75
1.68,0.25,0.125,0.25,1.125,7.875
1.69,0,0.125,0.125,1,3.75
1.7,0.375,0,0.625,1.875,5.375
1.71,0.25,0.125,0.25,0.375,7.875
1.72,0.25,0,0,0.75,7.25
1.73,0.375,0.75,0.25,1.25,10.75
1.74,0.5,0.125,0.625,1.875,9.625
1.75,0.625,0.25,1,1.25,12.25
1.76,0.25,0.625,1,1.5,7.375
1.77,0.625,0.375,0,1.75,9.375
1.78,0.125,0.5,0.625,1.25,10.625
1.79,0.25,0.5,0.25,0.75,9.25
1.8,0.125,0.375,0.375,1.125,7.875
1.81,0.125,0.25,0.625,1,11.5
1.82,0.625,1,0.375,0.125,8.25
1.83,0.25,1.375,0.5,0.75,7.625
1.84,0.375,0.375,0.625,0.875,7
1.85,0,0.625,0.5,1.125,6.25
1.86,0.375,0.5,0.375,0.875,7.375
1.87,0.25,0.125,0.25,1.375,5.125
1.88,0.25,0.375,0.75,1,6
1.89,0.5,0.5,0.5,1.25,6.5
1.9,0.25,0.5,0.5,0.75,7
1.91,0.375,0.875,0.5,1,7.875
1.92,0.25,0.75,0.125,1.25,10.75
1.93,0.375,0.25,0.875,1,14
1.94,0.125,0.25,0.375,0.875,9.125
1.95,0.5,0.375,0.375,0.875,14.125
1.96,0.25,0.375,0.875,0.375,6.875
1.97,0.125,0.375,0.125,1.375,6.625
1.98,0.25,0.25,0.625,1.5,2.875
1.99,0.25,0.625,0.75,1.375,2.25
2,0.375,1,0.625,2.25,2.25
2.01,0.625,0.75,0.625,2.875,2.625
2.02,0,0.25,0.5,2.5,2
2.03,0.625,0.625,0.875,0.875,2.75
2.04,0.5,0.375,0.625,1.5,3
2.05,0.25,0.75,0.75,1.125,5.75
2.06,0.75,0.5,0.375,1,9.75
2.07,0.125,0.125,0.375,1.5,29.125
2.08,0,0.125,0,0.5,20.625
2.09,0.375,0,0.25,0.875,15.625
2.1,0.125,0.25,0.125,0.875,7.5
2.11,0.125,0.625,0,0.375,7.5
2.12,0.5,0.375,0.25,0.75,6.625
2.13,0.375,0.75,0.625,1.875,6.125
2.14,0.125,0.125,0.625,0.875,5.5
2.15,0.25,1,0.875,1,6.75
2.16,0.125,0.125,0.75,1,6
2.17,0.25,0.5,0.5,0.5,10
2.18,0.125,0.375,0.5,1,10
2.19,0.5,0.375,0.625,1,8.875
2.2,0,0.125,0.125,0.75,9.875
2.21,0.25,0.375,0.75,0.75,6.75
2.22,0.625,0.375,1.125,1.25,7.375
2.23,0.375,0.625,0.5,0.625,5.375
2.24,0.125,0.875,0.5,1.125,3
2.25,0.375,0.875,0.625,0.75,5
2.26,0.375,0.25,0.875,0.875,6.875
2.27,0.125,1,0.375,1.25,5.875
2.28,0.375,0.375,0.25,1.375,8.625
2.29,0.125,0.5,0.5,1.25,10.125
2.3,0.5,0.125,0.125,1.25,12
2.31,0.625,0.375,0.125,2.125,7.875
2.32,0.125,0.25,1.125,1.875,12.125
2.33,1.125,0.75,0.5,2.875,8.875
2.34,0.5,0.625,1,1.25,13.875
2.35,0.375,0.375,1.125,1.25,11.25
2.36,0.25,0.75,0.5,1.375,8.5
2.37,1.25,0.5,0.75,1.125,8.25
2.38,0.625,0.75,0.625,2.125,8.625
2.39,0.25,0.25,0.625,0.875,8.5
2.4,0.125,0.25,0.25,1.5,7
2.41,0.5,0.625,0.75,2.125,13.125
2.42,0.375,0.25,0.25,1.875,7.375
2.43,0.125,0.375,0.375,1.5,4.875
2.44,0.375,0.375,0.125,0.5,8.25
2.45,0,0.5,0.75,1.625,8.25
2.46,0.125,0.375,0.75,1.25,9.25
2.47,0.375,0.375,0.75,1.25,7
2.48,0.375,0.25,1,1.625,15.625
2.49,0.375,0.625,0.5,2.625,8.375
2.5,0.375,0.25,0.375,1.375,7.5
2.51,0.125,0.375,0.25,1.5,12.875
2.52,0.25,0.125,0.75,1.5,9.5
2.53,0,0.375,0.25,1.5,9.125
2.54,0.375,0.75,0.75,1.625,8.5
2.55,0.25,0.625,0.75,1.25,7.875
2.56,0.125,0.375,0.25,0.875,7.125
2.57,0.25,0.25,1,1.125,5.75
2.58,0.25,0.125,0.25,0.75,7.5
2.59,0.75,0.75,1.125,2.125,8.125
2.6,0.375,0.375,0.25,2.125,3.75
2.61,0.25,0.5,0.25,1,6.5
2.62,0.25,0,1,0.5,12.75
2.63,0.125,0.25,0.375,0.875,9.625
2.64,0.25,0.375,0.625,1.25,6.5
2.65,0.25,0.375,0.875,1.75,9
2.66,0.25,0.25,0.875,1.25,8.25
2.67,0.125,0.75,0.25,2,8.625
2.68,0.5,0.625,1.25,2.125,10.5
2.69,0.125,0.25,1.375,1.625,8.75
2.7,0.125,0.625,0.25,2.125,9.875
2.71,0.125,0.25,0.25,1.125,6.25
2.72,0.25,0.25,0.875,1.125,9.375
2.73,0.125,0.75,0.375,1.375,6.75
2.74,0.125,0.375,0.75,1.25,13
2.75,0.125,0.375,1.125,1.375,7.375
2.76,0.125,0.375,0.75,2.25,13
2.77,0.125,0.75,0.25,1.75,10.125
2.78,0,0,0.375,0.75,10.875
2.79,0,0.125,1.25,1.625,7.125
2.8,0.125,0.125,0.125,0.375,8.875
2.81,0,0.25,0.25,0.25,7.375
2.82,0.25,0.5,0.125,1,4.625
2.83,0,0.25,0.375,0.625,8.375
2.84,0.25,0.375,0.25,2,6.875
2.85,0.5,0.5,1,2.5,8.75
2.86,0.25,0.5,0.25,0.5,8.375
2.87,0.125,0.25,0.125,0.625,10.25
2.88,0.375,0,0.25,0.625,13
2.89,0.25,0.75,0.875,1.25,10
2.9,0.25,0.5,0.5,1.375,8
2.91,0.5,0.875,1,1.25,7.5
2.92,0.125,0.5,0.25,2,11.875
2.93,0.375,0.375,0.25,1.875,8
2.94,0.25,0.5,0.25,1.25,5.75
2.95,0.375,0.25,0.25,1,7.5
2.96,0.125,0.125,0.5,1.125,9.25
2.97,0.125,0.25,0.375,1,9
2.98,0.25,0.25,0.375,1.25,11.75
2.99,0.125,0.375,0.25,1.75,6.5
3,0,0.5,0.625,2.375,7.25
3.01,0.125,0.5,0.75,1.875,7.75
3.02,0.5,0.5,0.5,1.125,9.125
3.03,0.25,0.5,0.625,1.625,9.625
3.04,0.125,0.125,0.25,1.625,7.75
3.05,0.25,0.5,0.25,0.5,9.5
3.06,0,0.375,0.375,0.75,10.125
3.07,0,0.25,0.25,0.75,9.75
3.08,0.125,0.875,0.5,3.125,8.25
3.09,0.75,0.5,0,5.625,7.375
3.1,0.25,0.5,0.5,3.125,11.375
3.11,0.5,0,0,4.875,9.125
3.12,0.625,0.625,0.625,7.875,9.875
3.13,0.375,0.625,0.625,7.125,5.625
3.14,0.5,0.625,0.875,10,6.75
3.15,0.375,0.375,1,5.375,6.875
3.16,0.125,0.25,0.5,7.25,7.625
3.17,0.375,0.125,0.875,7.5,7.125
3.18,0.625,0.25,0.625,5.25,8.625
3.19,0.25,0.125,0.5,4.625,13
3.2,0,0.875,0.75,4.875,11
3.21,0.25,0.75,0.375,2.625,8.125
3.22,0.625,0.875,0.875,3.125,7.5
3.23,0.25,0.5,1,3.25,8.25
3.24,0.375,0.75,0.625,2.125,5
3.25,0.125,0.5,1,1.25,7
3.26,0.125,0.25,0.125,2,5.5
3.27,0.25,0.125,0.125,0.875,11.5
3.28,0.125,0,0,0.375,6.625
3.29,0.5,0.75,0.5,1.25,13.125
3.3,0.125,0.375,0.5,1.125,12.375
3.31,0.375,0,1,1.375,13.125
3.32,0.5,0.25,0.75,1,6.75
3.33,0.25,0.25,0,1,11.125
3.34,0.25,0.375,0.75,0.5,8.875
3.35,0.625,0.25,0,1.125,6.875
3.36,0.25,0.25,1,1.625,5.5
3.37,0.5,0.625,1,1.5,8.375
3.38,0.375,0.375,0.25,4.125,10.25
3.39,0.5,0.25,0.75,3.125,6.5
3.4,0.125,0.625,0.5,4.125,10.625
3.41,0.25,0.125,0.625,8.5,8.625
3.42,0.25,0.25,0.625,14.875,8
3.43,0.5,0.25,0.5,14.25,9.625
3.44,0.25,0.625,0.375,6.125,7.625
3.45,0.125,0.125,0.875,9.5,6.25
3.46,0,0.375,0.375,5.125,6
3.47,0.375,0.375,0.625,4.125,5.125
3.48,0.125,0.25,0.625,4.125,8
3.49,0,0.25,0.25,3,10
3.5,0,0.375,0.75,2.375,15.75
3.51,0.75,0.375,0.25,2.75,7.75
3.52,0.375,0.625,0.75,2,9.875
3.53,0.25,0.75,1.125,1.625,7.75
3.54,0.375,0.25,0.125,1.375,8.5
3.55,0.5,0.5,0.625,3.25,15.75
3.56,0.25,0.125,1.125,1.25,7.5
3.57,0.125,0.125,0.375,0.875,8.125
3.58,0.25,0.375,1.125,1.625,7.75
3.59,0.375,0.25,0.625,2.875,7
3.6,0.125,0.5,0.5,3.25,6
3.61,0.125,0.625,0.25,4.375,5.5
3.62,0.375,0.625,1.25,5.5,7
3.63,0.125,0.125,0.375,11.375,9.375
3.64,0.125,0.375,0.25,12,9.75
3.65,0,0.125,0.375,11.875,10
3.66,0.25,0.25,0.375,5.375,12.25
3.67,0.125,0.875,0.75,13,11.375
3.68,0.375,1,0.375,6,7.25
3.69,0.375,0.25,0.125,5.375,8
3.7,0,0.375,0.375,3.875,5.5
3.71,0.25,0.375,0.375,3.375,5.875
3.72,0.25,0.375,0.75,2.625,6.5
3.73,0.25,0.25,0.25,1.625,5.125
3.74,0,0.125,0.625,1.625,9.875
3.75,0.375,0.375,0,0.25,6
3.76,0.375,0.375,0.5,0.375,6.625
3.77,0.25,0.5,0.75,1.75,12
3.78,0.375,0.625,0.75,2.625,15.375
3.79,0.5,0.375,0.375,1,12
3.8,0.125,0.125,0.375,0.75,8.5
3.81,0.125,0,0.375,0.875,11.875
3.82,0.5,0.375,0.25,1.5,6.625
3.83,0.25,0.625,0.625,1.875,8.25
3.84,0.25,0.375,0.75,1.75,5.5
3.85,0.375,0.375,0.625,3.375,11.25
3.86,0,0.375,0.125,3,10
3.87,0.5,0.25,1,2.875,6.625
3.88,0.375,0.375,0.375,7.875,11.5
3.89,0.125,0.25,0.25,19.875,7.875
3.9,0.25,0.625,0.625,28.375,7.875
3.91,0.375,0.25,1,7.25,8.125
3.92,0,0.25,0.25,5.875,5.875
3.93,0.375,0.625,0.5,8.25,7.5
3.94,0.375,0.5,0.375,3.625,6.625
3.95,0.125,1.125,0.625,4.5,5
3.96,0.25,0.625,0.375,3.625,2.25
3.97,0.375,0.5,0.25,5,2.25
3.98,0.375,0.625,0.25,4,2
3.99,0.5,0.375,0.875,4.75,1.75
4,0.375,0.5,0.5,3.875,1.5
4.01,0.625,0.625,0.625,3.25,2.5
4.02,0.625,0.75,0.5,4,3
4.03,0.375,0.875,0.375,5.5,3.625
4.04,1.125,0.75,0.875,6.125,18.875
4.05,0.25,0.125,1.125,5.5,41
4.06,0,0,0.25,6.125,10.25
4.07,0.125,0.5,0.375,7,9.625
4.08,0.25,0.5,0.625,10,6.25
4.09,0.375,0.5,0.5,5.625,6.75
4.1,0.25,0.25,0.25,9,7.25
4.11,0,0.375,0.375,4.25,4.875
4.12,0.125,0.5,0.875,5.125,8.625
4.13,0.25,0.375,0.75,3.75,6.375
4.14,0.5,0.5,0.625,4.25,8.625
4.15,0.375,0.125,0.625,3.5,9.875
4.16,0.5,0.25,0.5,3.75,8.75
4.17,0.5,0.5,1,3.375,11.125
4.18,0.625,0.125,0.375,2.375,7.25
4.19,0,0.5,0.625,2.375,5.875
4.2,0.125,0.375,0,1.875,7.75
4.21,0.5,0.5,0.375,3.125,9.25
4.22,0.25,0.375,0.875,1.5,9.875
4.23,0.125,0.375,0.125,4.625,8.75
4.24,0.25,0.25,0.625,3.25,10.625
4.25,0.375,0,0.5,5.375,8.125
4.26,0.375,0.25,0,10.875,10.875
4.27,0.375,0.125,0.375,29.25,9.375
4.28,0,1,0,9.125,6
4.29,0.125,0.25,0.375,7.25,4.125
4.3,0.125,0.625,0.25,7.625,8.75
4.31,0.125,0.5,0.125,5.875,6.125
4.32,0.25,0.375,0.5,5.125,11.125
4.33,0,0.875,0.375,4.25,11.25
4.34,0.375,0.125,1.125,2.5,12
4.35,0.25,0.125,0.375,3,9.75
4.36,0.125,0.25,0.25,3.125,11.75
4.37,0,0.375,0.25,1.75,10
4.38,0.375,0.375,0.875,0.75,12
4.39,0.25,0,0.625,0.5,7.625
4.4,0.375,0.25,0.75,1.25,6.75
4.41,0.125,0.5,0.625,1,7
4.42,0.375,0,0.5,1.875,10.125
4.43,0.375,0.375,0.625,2,9
4.44,0.125,0,0.375,1.125,8.75
4.45,0.25,0.25,0.25,2,8.25
4.46,0.5,0.375,0.25,1.375,11.875
4.47,0.5,0.5,0.75,1.75,10.25
4.48,0.75,0.625,1.25,2.375,7
4.49,0.625,0.75,0.625,3.5,6.75
4.5,0.375,1,0.75,3.25,5.875
4.51,0.25,0.375,0.625,4.625,9.25
4.52,0,0.375,0.375,84.875,6
4.53,0.375,0.375,0.625,5.375,11.5
4.54,0,0.375,0.5,4,9.75
4.55,0.25,0.5,0.375,4,12.25
4.56,0.625,0.75,0.75,6.25,15
4.57,0.125,0,0.625,3.875,8.125
4.58,0.625,0.375,0.75,3,7.75
4.59,0.5,0.5,0.625,1.625,7.875
4.6,0.5,0.75,0.5,1.875,5.875
4.61,0,0.25,0.125,0.5,7.25
4.62,0,0.125,0.5,0.625,6.375
4.63,0.125,0.125,0,1.125,6.125
4.64,0.5,0.125,0.25,0.625,8.125
4.65,0.125,0.375,0.75,0.75,8.625
4.66,0.25,0.25,0.75,1.375,11
4.67,0.375,0.625,0.375,1,8.25
4.68,0.375,0.5,0.875,1.875,8.25
4.69,0,0.375,0.375,1.75,8.5
4.7,0.625,0.5,0.25,3.25,12.5
4.71,0.75,0.875,1.125,4.25,8.625
4.72,0.5,0.5,0.5,43.875,8.5
4.73,0.125,0.625,0.125,20,12.125
4.74,0.25,0,0.5,5.75,6
4.75,0.25,0,0.25,7.25,9.625
4.76,0.375,0.625,0.875,3.125,6.875
4.77,0.25,0.75,0.375,3.375,7.25
4.78,0.25,0,1,4,10.875
4.79,0.25,0.5,0.375,2,12.125
4.8,0.125,0.25,0.375,2.125,9.125
4.81,0,0.125,0.25,2.75,10.125
4.82,0.125,0.125,0.25,1.625,8.5
4.83,0,0.5,0.5,1.375,10
4.84,0.125,0.75,0.5,0.75,8
4.85,0.375,0.25,0.5,1.25,7
4.86,0.375,0.625,0.25,1.25,8.125
4.87,0.125,0,0.375,1.625,8.125
4.88,0,0,0.5,1.125,7.75
4.89,0.125,0.125,0.625,1.25,8.5
4.9,0.375,0.125,0.375,1,9.125
4.91,0.125,0.625,1,3.125,8.125
4.92,0.125,0.125,0.625,4.625,6.875
4.93,0.125,0.25,1,53.375,9.25
4.94,0.5,0.25,0.75,30.125,7
4.95,1.375,0.5,1.125,5.25,9.375
4.96,0.375,0.5,0.875,6,8.375
4.97,0.125,0.5,0.5,4.375,11.375
4.98,0.625,0.75,1.5,4,8
4.99,0,0.125,1.125,1.75,6.125
5,0.125,0,0.125,1.625,10.5
5.01,0.125,0.5,0.625,1.625,10.625
5.02,0.375,0.375,0.625,2.75,7.375
5.03,0.75,0.375,0.5,1.625,10.875
5.04,0.125,0.75,0.25,1.875,12.25
5.05,0.375,0.5,0.625,2.5,12.25
5.06,0,0.375,0.5,1.75,8.5
5.07,0.25,0.125,0.625,2.75,12
5.08,0.25,0.25,0.625,1.25,8.625
5.09,0.25,0.125,1.125,1.625,10.5
5.1,0,0.5,0.25,2.375,7.375
5.11,0.25,0.25,0.75,2.25,9.75
5.12,0.25,0.25,0.25,1.625,5.5
5.13,0,0.25,0.375,1.5,6.75
5.14,0.25,0.25,0.625,3.625,6.875
5.15,0.25,0.25,0.5,11,7.625
5.16,0.375,0.75,0.5,73.5,7.25
5.17,0.125,0.375,0.375,5.375,6
5.18,0.375,0.75,1.5,4.375,10.25
5.19,0.25,0.5,0.625,5,10.875
5.2,0.5,0.375,1,3.875,12.25
5.21,0.125,0.375,0.625,1.625,8.125
5.22,0.125,0.75,0.875,2,7.125
5.23,0.375,0.25,0.75,1.5,12.5
5.24,0.25,0.375,0.25,0.625,8.625
5.25,0.125,0.625,1,1.625,6.875
5.26,0.125,0.5,0.375,1.25,6.75
5.27,0,0.125,0.625,1.75,8.375
5.28,0,0.5,0.25,2,10.25
5.29,0.375,0.5,0.5,0.625,8.625
5.3,0.125,0.375,0.75,1,9.625
5.31,0.125,0.125,0.5,0.75,8.25
5.32,0.25,0.625,0.5,0.875,8.375
5.33,0.625,0.25,0.625,0.875,9.625
5.34,0.5,0.625,1.25,1.875,10.25
5.35,0,0.375,0.75,4,8.5
5.36,0.375,0.75,1.25,12.875,8.75
5.37,0.5,0.5,1.375,77.125,5.375
5.38,0.5,0.625,2,6.5,5.875
5.39,0.375,0.375,0.875,4.5,5.125
5.4,0.25,0.5,0.25,4.125,10.25
5.41,0.375,0.625,1.5,4.25,7.875
5.42,0.375,1,1,4.125,11.75
5.43,0.125,0.25,0.75,2.125,10.375
5.44,0.125,0,0.875,1.375,10.875
5.45,0,0.5,0.125,1,8.375
5.46,0.125,0.25,0.25,1,11.75
5.47,0.25,0.25,0,1.625,7
5.48,0.25,0.25,0.125,1.125,9.875
5.49,0.375,0.375,0.125,1.125,7.375
5.5,0.125,0.375,0.375,1.25,11.125
5.51,0.375,0.25,0.375,0.625,6.5
5.52,0.5,0.375,0.75,1.75,6.25
5.53,0.25,0.125,0.75,0.625,6.375
5.54,0,0.75,0.5,1.75,6.125
5.55,0.5,0.125,0.625,2.75,4.875
5.56,0.375,0.125,0.375,1.375,5.125
5.57,0.25,0.625,1.375,7,6.375
5.58,0.875,0.875,1.125,81.25,9.75
5.59,0.625,0.5,0.875,5.25,14.25
5.6,0.375,0.75,0.875,4.75,9.25
5.61,0.25,0.375,0.75,1.875,13.5
5.62,0.125,0.375,0.5,4.25,8.5
5.63,0.75,0.375,0.625,3.875,7.375
5.64,0.25,0.5,0.5,2.25,9.125
5.65,0.25,0.375,0.5,3.125,9.125
5.66,0.25,0.25,0.375,1.625,7
5.67,0.625,0.375,0.75,0.625,7.125
5.68,0.375,0.75,0.5,1,8.125
5.69,0.625,0.375,0.625,1.375,5
5.7,0.25,0.875,0.75,1.875,9
5.71,0.25,0.125,0.125,1.375,7.625
5.72,0.5,0.875,0.5,1,9.25
5.73,0.25,0.25,0.75,1.25,8.125
5.74,0.5,0.375,0.5,1.75,10.375
5.75,0.25,0.5,0.5,1.625,13.125
5.76,0.375,0,0.5,3.625,9.375
5.77,0.625,1,1.125,28.75,13.25
5.78,0.875,0.5,1,50.5,8.625
5.79,0.25,0.25,0.375,3.875,7.625
5.8,0.375,0.375,0.625,4.875,7.125
5.81,0.375,0.125,0.625,5.75,9.5
5.82,0.375,0.875,0.875,3.125,5.375
5.83,0.5,0.625,1,2,6.125
5.84,0.5,0.625,1.5,1.625,7.75
5.85,0.125,0.375,1.375,1.125,6.5
5.86,0.125,0.5,0.5,0.875,9
5.87,0.25,0,0.75,1.125,7.375
5.88,0.75,0.25,0.375,2.875,8.5
5.89,0.125,0.75,0.75,3.125,8.125
5.9,0,0.5,1.125,3.375,5.25
5.91,0.25,0.375,0.75,3.125,11.125
5.92,0.25,0.5,0.375,1.75,11.625
5.93,0.375,0.25,0.25,2.125,15.5
5.94,0.125,0.5,0.875,1.5,8
5.95,0,0.375,0.375,1.75,7.75
5.96,0.5,0.75,0.625,1.375,9
5.97,0.375,0.5,0.25,1,7.25
5.98,0.375,0.5,0.5,1.75,7
5.99,0.5,0.625,0.75,2.25,9.75
6,0.125,0.25,1.125,7.375,11.75
6.01,0.125,0.375,0.75,94.875,7.875
6.02,0.125,0.375,0.625,3.25,7.375
6.03,0,0.625,0.625,3.375,12
6.04,0.25,0.5,0.25,3.5,8.5
6.05,0.625,0.125,0.125,3.75,8.875
6.06,0,0.625,0.25,2.375,9.375
6.07,0.125,0.375,1,3.5,5.375
6.08,0.25,0.875,1.625,1.5,4
6.09,0.625,1.125,1,2,6.75
6.1,0.375,0.875,0.75,1.875,6.25
6.11,0.125,0.5,0.5,2.625,6.5
6.12,0.25,0.25,0.625,1.875,4.5
6.13,0.125,0,0.75,2.125,7
6.14,0.125,0.625,0.875,3.125,17.875
6.15,0.375,0.375,0.75,2.125,9.125
6.16,0.125,0.5,0.375,1.375,10.75
6.17,0.25,0.625,0.25,1.5,9.5
6.18,0.625,0.25,0.875,0.875,10.125
6.19,0.5,0.375,0.125,1.75,10.125
6.2,0.625,0.875,0.625,2.625,11
6.21,0.25,1.125,1.625,5.875,8.125
6.22,0.5,0.375,0.375,18.625,8.25
6.23,0.25,0.25,0.125,61.625,7.375
6.24,0.125,0.125,1.125,3.875,6.625
6.25,0.375,1,1,5.5,3.75
6.26,0.375,0.375,0.75,4.125,5.375
6.27,0.125,0.125,0.875,4.625,5.375
6.28,0.125,0.125,0.875,2.75,7.25
6.29,0.125,0.125,0.5,2.25,8
6.3,0.125,1,0.5,1.75,10.75
6.31,0.25,0,0.625,1.125,16.5
6.32,0.25,0.375,0.125,1.125,16.125
6.33,0.375,0.5,1,1.625,8.625
6.34,0.125,0.125,0.375,1.125,9.125
6.35,0.625,0.125,0.875,1.125,6.625
6.36,0.25,0.375,1,3,10.375
6.37,0.5,0.875,2.125,2.625,9.125
6.38,0,0.625,0.625,5.375,12
6.39,0.375,0.375,0.5,9,6.75
6.4,0.25,0.5,1.125,38.25,5.125
6.41,0.375,0.625,0.375,14.875,7.875
6.42,0.375,0.5,0.125,4.375,6.25
6.43,0.125,0.5,0.25,5.875,8.75
6.44,0.75,0.5,0.25,4.375,5.5
6.45,0.5,0.25,1.25,5.125,6.75
6.46,0.5,0.875,0.625,3.75,9.625
6.47,0.5,0.5,0,2.625,8.5
6.48,0.25,0.625,0.375,3.625,13.25
6.49,0.125,0.625,0.5,5.5,9.875
6.5,0.125,0.125,0.625,3.375,8.125
6.51,0.125,0,0.625,3,9.125
6.52,0.375,0.125,0.75,2.375,9.25
6.53,0.375,0.375,0.625,4.125,11.125
6.54,0.25,0,0.375,5.875,6.375
6.55,0.375,0.375,0.5,11.75,5.5
6.56,0,0.125,1.625,20,7.5
6.57,0.375,0.375,1.375,8.875,7.625
6.58,0.25,0.25,1.375,7.5,8.375
6.59,0.125,0.5,1.75,5.875,10.75
6.6,0.125,0.25,1,7.25,11.125
6.61,0.125,0.375,0.5,7,14.875
6.62,0.625,1,1,11,7.375
6.63,0.375,0.75,1.25,8.875,10.625
6.64,0.25,0,0.875,4.125,8.125
6.65,0.625,0.5,0.875,3.875,5.875
6.66,0.125,0.5,0.5,4.375,4.125
6.67,0.5,0.25,0.625,4.375,4.25
6.68,0.875,0.375,0.5,2.25,3.75
6.69,0.625,0.375,0.375,3.875,3.5
6.7,0.375,0.5,0.75,3.75,3.125
6.71,0.5,0.875,0.625,6.125,1.875
6.72,0.625,0.5,0.875,9.5,5
6.73,0.125,0.625,1.125,13.75,8.25
6.74,0.125,0.25,0,9.625,25.75
6.75,0.375,0.25,0.5,10.375,17.25
6.76,0.125,0.375,1.25,10,12.375
6.77,0.25,0.75,0.25,5.25,8.75
6.78,0.25,0.125,1.125,5.5,6.125
6.79,0.25,0.375,0.25,3.75,6.125
6.8,0.25,0.625,0.5,1.875,7.5
6.81,0.375,0.5,0.875,2.75,10
6.82,0.5,0.25,1,2,8.125
6.83,0,0.75,1.625,2.25,8.125
6.84,0.875,0.125,1.875,2.75,7.625
6.85,0,0.375,0.875,3,7.5
6.86,0.375,0.25,0.75,1.875,10
6.87,0.5,0.125,0.75,2.5,9.5
6.88,0.5,1.125,1.5,7.875,9
6.89,0.25,0.125,0.375,45.5,11.125
6.9,0.125,0.375,0.5,11.125,8.375
6.91,0,0.375,0.75,7.75,8.5
6.92,0.5,0.375,0.75,3.25,7.125
6.93,0.375,0.375,0.375,5.125,8.875
6.94,0.75,0.125,1.125,4.5,10.25
6.95,0.375,0.125,0.875,3.625,11.5
6.96,0.125,0,0.75,2.375,3.375
6.97,0,0.25,0.375,3.125,9.375
6.98,0.125,0.75,0.375,1.375,4.625
6.99,0.375,0.125,0.625,2.875,8
7,0,0.625,0.875,2.625,12.875
7.01,0.5,0.25,0.75,3.25,8.75
7.02,0.375,0,1.375,1.5,6.875
7.03,0.375,0,0.25,2.875,6
7.04,0.25,0.375,0.625,1.375,10.625
7.05,0.125,0.125,0,1.25,6.125
7.06,0.25,0.25,0.375,1,15.125
7.07,0.375,0.375,0.625,0.5,11.5
7.08,0.75,0.5,0.75,0.875,8
7.09,0.5,0.25,0.375,1.25,7.625
7.1,0,0.125,0.75,0.5,5.125
7.11,0.25,0.5,0.625,1.375,7.75
7.12,0.375,0.375,0.75,2.125,6.375
7.13,0.375,0.625,0.375,0.625,7.125
7.14,0.125,0.625,0.875,2.625,6.75
7.15,0.625,0.25,0.875,4.25,11.75
7.16,0.625,0,0.375,106.38,9.375
7.17,0.375,0.125,0.5,3.25,9.625
7.18,0.375,0.125,0.75,4.75,8
7.19,0.375,0.25,0.5,3.75,13.25
7.2,0.5,0.625,0.75,3.875,10.5
7.21,0.125,0,0.5,2.25,11.25
7.22,0.25,0.125,0.5,3,9.875
7.23,0.125,0.125,0.875,1.625,11.75
7.24,0.125,0.125,0.125,1.125,8
7.25,0.125,0.125,0.375,1.625,6.125
7.26,0,0.25,0.375,1.125,6
7.27,0.125,0.125,0.5,0.875,5.5
7.28,0,0.25,0.5,0.25,5
7.29,0,0,0,0.625,6
7.3,0.375,0.625,1,1,4.75
7.31,0.125,0.375,0.625,0.75,8.375
7.32,0.125,0.375,1.125,1,7.75
7.33,0.25,0.375,0.75,1,19.125
7.34,0.125,0.375,0.25,1.5,12
7.35,0.25,0.125,1.125,1.625,9.75
7.36,0.25,0.25,0.375,2.125,9.625
7.37,0.875,0.25,0.625,10.5,7.25
7.38,0.5,0.625,0.5,89.875,12.75
7.39,0.625,0.375,0.5,5.625,6.625
7.4,0,0.25,0.625,5.125,8.125
7.41,0.5,0.25,0.25,3.375,8.5
7.42,0.625,0.375,0.5,3.375,6.25
7.43,0.25,0.75,0.75,3.5,6.875
7.44,0.125,0.625,0.875,2.625,7.25
7.45,0.125,0.75,0.5,2.75,5.875
7.46,0.25,0.25,0.375,1.625,6.75
7.47,0.25,0.75,0.125,1,13.625
7.48,0.625,1.625,1.25,2.125,16.125
7.49,0.625,0.875,1.125,2.125,9.25
7.5,0.25,0.25,0.5,1.125,7.625
7.51,0.5,0.375,0,1.75,9.75
7.52,0.25,0.625,0.75,2.5,7.875
7.53,0.25,0.375,0.5,2,9.5
7.54,0.375,0.625,0.5,3.125,7.75
7.55,0.25,0.375,0.875,7.5,8.625
7.56,0.5,0.25,0.625,31.75,11.625
7.57,0.25,0.5,0.25,17.5,7.75
7.58,0.125,0.375,0.375,7.25,7.875
7.59,0.125,0.125,0.625,6.5,7.875
7.6,0.5,0.125,0.625,7.875,6.75
7.61,0.25,0.25,0.75,3.75,8.125
7.62,0.75,0.75,1.125,8.375,7.75
7.63,0.125,0.375,0.875,5.75,12.625
7.64,0,0,0.125,7.375,8.375
7.65,0.125,0.875,0.875,4.25,9
7.66,0.25,0.25,1,4.125,7.375
7.67,0.25,0.25,0.25,4.75,6.25
7.68,0.125,0.375,0.5,5.625,7.25
7.69,0.125,0.5,0.625,5,5.75
7.7,0,0,0.625,6,10.5
7.71,0.25,0.375,0.125,5,12.25
7.72,0.125,0.25,0,3.875,11.125
7.73,0.5,0.5,0.375,7,9.625
7.74,0.375,0.375,0.5,9.625,10.25
7.75,0.75,0.5,0.5,11,10.75
7.76,0.25,0.125,0.125,19.5,10.75
7.77,0.5,0.375,0.625,14.75,6.5
7.78,0.5,0.25,0.375,6.5,8.125
7.79,0.25,0.25,0.125,5.125,5.5
7.8,0.375,0.375,0.125,6.75,6.25
7.81,0.25,0.5,0.625,4.625,8.5
7.82,0,0.75,0.625,7.625,8.625
7.83,0.25,0.25,0.625,4.5,9.375
7.84,0.625,0.375,0.25,4.25,15.125
7.85,0.25,0.625,0.625,4.75,9.125
7.86,0.375,0.25,0.375,5.375,10.25
7.87,0.25,0.125,1,5.375,5.875
7.88,0.5,0.25,0.125,5.875,9.625
7.89,0.625,0.875,1.25,7.375,9.625
7.9,0.25,0.375,0.875,7.625,4.625
7.91,0.125,0.375,0.625,10.875,5.75
7.92,0.25,0.375,0.25,9.375,5.875
7.93,0.25,0.5,0.375,12.875,7.375
7.94,0.5,0.5,0.375,9.375,9.5
7.95,0.5,0,0.375,6.125,7.125
7.96,0.5,0.75,0.5,10.25,10.5
7.97,0.375,0.5,0.5,5.125,10.625
7.98,0.25,0.625,1,6.625,9.125
7.99,0.25,0.125,0.125,8.75,8.5
8,0.375,0.25,0.75,6.625,10.25
8.01,0.625,0.625,0.375,7.125,10.5
8.02,0,0.25,0.25,8.5,8.875
8.03,0,0.625,0.375,9,11.375
8.04,0.125,0.75,0.375,8.375,13.25
8.05,0.5,0.375,0.875,5.875,6.5
8.06,1.125,0.625,0.625,8.625,11.5
8.07,0.875,1.125,1.125,5.5,8
8.08,0.5,0.625,0.875,4.75,7.375
8.09,0,0.625,0.875,8.125,5.75
8.1,0.25,0.5,0.5,7.75,6.125
8.11,0.125,0,0.125,6.5,6.5
8.12,0.125,0.375,0.625,6,4.125
8.13,0.25,0.5,0.625,9,8.25
8.14,0.125,0.375,1,5.5,3.125
8.15,0.625,0.25,1,8.75,6.375
8.16,0.375,0.625,0.75,6.875,5.375
8.17,0.125,0.25,0.75,6.5,22.25
8.18,0,0.375,1,4,10.875
8.19,0.125,0.25,0.625,4.75,10
8.2,0.125,0.375,0.5,6.375,11.75
8.21,0.625,0.625,0.75,5.75,10.5
8.22,0.375,0.375,1.75,5.75,6.125
8.23,0.125,0.5,1.375,5.5,8.375
8.24,0.375,0.125,0.5,6.5,7.875
8.25,0.375,0.625,1.125,13.125,5.125
8.26,0,0.375,0.875,7.875,9.25
8.27,0.125,0.625,0.5,13.125,6.875
8.28,0.125,1.25,1.125,8,10
8.29,0.25,0.375,1.125,10.125,7.375
8.3,0.125,0.625,1.125,6,8
8.31,0.25,0.375,1.25,7,10.375
8.32,0,0.25,0.375,6.875,10.375
8.33,0.125,0.625,0.5,7.875,7.25
8.34,0.375,0.5,1,3.625,11.375
8.35,0,0.375,0.5,5.75,11.5
8.36,1,0.5,1.375,9.125,10.375
8.37,0.5,0.25,0.5,8.5,9.25
8.38,0.625,0,0.125,5.25,8
8.39,0.375,0.125,0.5,5,10.25
8.4,0.125,0.25,0,4,5.75
8.41,0.25,0.5,0,4.125,7.125
8.42,0.25,0.125,0,4.625,10.625
8.43,0,0.375,0.25,2.25,12
8.44,0.125,0.25,0.375,3.5,8.25
8.45,0,0.125,0.5,3.375,10.25
8.46,0.125,0.375,0.75,1.75,9.875
8.47,0.25,0.25,0.125,0.75,3.875
8.48,0.375,0.375,0.25,1,3.875
8.49,0.25,0.125,0.125,1.375,4
8.5,0.125,0.375,0.375,0.875,5.375
8.51,0.125,0.75,1.125,1.125,4.75
8.52,0.625,0.875,0.5,1.875,6.625
8.53,0.5,0,1.375,3.75,6
8.54,0.625,0.25,0.625,88.25,9.5
8.55,0.125,0.125,0.625,15.875,11.875
8.56,0.25,0,1.5,5,17
8.57,0.375,0.25,1.875,3.75,11
8.58,0.375,0.25,1.375,3.25,13.125
8.59,0.125,0.375,0.375,2.375,8.75
8.6,0.25,0.375,0.375,2.125,5.125
8.61,0.375,0.125,1,1.75,14.5
8.62,0.125,0.625,1,1.25,7
8.63,0.375,0.375,0.375,1.375,7.75
8.64,0.125,0.5,1.125,1,6
8.65,0.375,0.75,0.875,1.25,8.125
8.66,0,0.5,0.5,1.125,8
8.67,0.25,0.625,0.25,1,8
8.68,0.25,0,0.125,0.25,10.125
8.69,0.125,0.25,0.5,1.125,10.125
8.7,0,0.5,0.875,0.5,9.25
8.71,0.25,0.75,1.125,1.125,9.375
8.72,0.375,0.5,0.875,1.25,4.875
8.73,0.125,1.125,0.625,1.375,5.875
8.74,0.125,0.375,0.5,1.5,10.125
8.75,0.125,0.5,0.25,1.375,11.875
8.76,0.125,0.25,0.375,0.625,12.25
8.77,0.125,0.625,0.375,1.5,8.5
8.78,0.75,0.375,0.375,2.25,7.375
8.79,0.75,0.875,0.5,1.75,9.5
8.8,0.625,0.75,0.75,6.75,11.25
8.81,0.625,1.125,0.5,104.62,5
8.82,0.125,0.625,0.75,2.625,5.375
8.83,0.25,0.5,0.625,4.625,12
8.84,0.125,0.375,0.5,4,12.5
8.85,0,0.375,0.875,3.25,8.125
8.86,0.5,0.25,0.375,2.375,7.75
8.87,0.125,0.875,0.625,2.125,8.875
8.88,0.625,0.375,0.75,1.875,9.875
8.89,0.25,0.875,0.75,1.5,9.625
8.9,0.375,0.125,0.375,1.375,10.375
8.91,0,0.125,0.125,0.875,8.625
8.92,0.25,0.25,0.625,1.5,10
8.93,0.125,0.5,0.75,1.125,6.75
8.94,0.375,0.625,0.375,1,9.5
8.95,0,0,0.875,0.375,7.75
8.96,0.125,0.375,0.75,1.25,9
8.97,0.375,0.125,0.5,1.625,7.875
8.98,0.25,0.375,0.625,2.125,9.125
8.99,0.375,0.25,0.25,1.875,5
9,0.25,0.375,0.5,2.75,10.25
9.01,0.5,0.375,0.125,1.375,11.375
9.02,0.375,0.625,0,1.25,10.25
9.03,0.125,0.25,0.625,1.5,9.875
9.04,0.375,0.25,0.5,1.125,9.875
9.05,0.375,0.75,0.625,2.5,10.875
9.06,0.625,0.5,0.375,4.5,10.125
9.07,0.375,0.5,0.125,12,5.875
9.08,0.25,0.375,0.625,95.375,6.25
9.09,0.375,0.125,0.5,2.25,11.625
9.1,0.25,0.375,1.125,5.125,9.375
9.11,0.625,0.25,0.75,3,11.625
9.12,0.25,0.375,0.625,2.375,6.375
9.13,0.25,1,0.25,3.375,6.625
9.14,0.375,0.5,0.625,1.125,10.375
9.15,0,0.125,0.625,1.25,6.75
9.16,0.125,0.875,1,0.75,6.875
9.17,0.375,0.375,0.75,0.875,8.75
9.18,0.25,0.375,0.5,0.5,6.25
9.19,0.375,0.75,0.375,0.625,8.125
9.2,0,0.25,0.25,0.75,7.875
9.21,0.375,0.25,0.5,0.75,7.5
9.22,0.125,0.375,0.375,0.25,10.375
9.23,0.25,0.25,0.5,0.625,8.875
9.24,0.125,0.125,0,1.125,10.125
9.25,0.125,0.25,0.875,1.375,10.375
9.26,0.625,0.375,0.625,1.5,13.875
9.27,0.375,0.5,0.625,3.25,11.625
9.28,0.125,0.5,0.25,3.5,7.875
9.29,0.25,0.125,0.125,103.25,13.125
9.3,0.375,0.625,0.5,2.5,9.125
9.31,0.25,0.625,0.75,2.875,9.25
9.32,0.875,0.75,0.375,3.25,7.125
9.33,0.5,0.25,0.75,3.375,8.125
9.34,0.125,0.5,0.625,3,5.5
9.35,0.375,0.625,0.75,2.5,6.25
9.36,0.125,0.5,0.375,2,5.75
9.37,0.125,0.125,0.625,1,9.75
9.38,0.375,0.375,1,0.75,8.375
9.39,0.25,0.25,0.625,1.375,7.5
9.4,0.125,0.375,0.625,0.375,7.375
9.41,0.125,0.625,0.375,0.875,9.5
9.42,0,0.25,0.5,1,10.25
9.43,0.125,0.5,0.625,1.25,13.75
9.44,0.5,0,0.25,0.625,12.125
9.45,0.375,0.75,0.625,0.75,13.5
9.46,0.5,0.375,0.375,1,8.375
9.47,0.375,0.25,0.5,1.875,6.25
9.48,0.5,0.375,0.625,2.125,7.5
9.49,0.125,0.25,0.125,2.5,15.5
9.5,0.375,0.375,0.5,2.125,8.875
9.51,0.375,0.5,0.75,7.375,10.625
9.52,0.375,0.625,0.875,96.5,5.875
9.53,0,0.5,0.375,2.625,5.625
9.54,0.375,0.125,0.125,3.25,5.625
9.55,0.375,0,0.125,4.125,3.625
9.56,0.375,0.375,0.25,3.875,4.625
9.57,0.125,0.5,0.5,2.75,3.25
9.58,0.5,0.375,1.375,2.25,5.125
9.59,0.375,0.75,0.375,0.875,5.25
9.6,0.375,0.25,0.75,1.375,5.875
9.61,0.25,0.25,0.875,1,6.5
9.62,0.75,0.5,0.75,1,12.125
9.63,0.25,0.75,0.5,1.375,11.25
9.64,0.5,0.125,0.625,0.625,14.625
9.65,0.125,0.375,0.375,0.75,10.25
9.66,0,0.75,0.25,1.5,10.625
9.67,0.375,0.5,1,2.875,10.125
9.68,0.25,0.125,0.5,3.25,13.125
9.69,0.125,0.375,0.625,4.25,7.25
9.7,0.125,0.25,0.75,15.125,8.75
9.71,0.25,0.625,0.875,49.75,7
9.72,0.25,0.625,0.5,8.375,10.75
9.73,0.375,0.125,1.25,4.75,7.5
9.74,0,0.125,0.25,4.25,8.875
9.75,0.125,0.125,0,3.875,8.125
9.76,0,0.125,0.5,3.375,8.25
9.77,0.25,0.125,0.625,2.25,4.5
9.78,0.875,0,0.375,1.125,6.25
9.79,0.375,0.25,0.25,1,6.375
9.8,0.125,0.25,0.75,0.875,7.25
9.81,0.25,0.5,0.5,0.875,8.75
9.82,0.25,0.375,0.75,0.25,11
9.83,0.125,0.5,0.875,0.5,10.5
9.84,0.125,0,0.25,1.375,8.375
9.85,0.25,0.125,0.25,1,11.625
9.86,0.125,0.125,0.375,1.375,6.625
9.87,0.25,0.625,0.875,1.875,11.75
9.88,0.375,0.75,0.75,4,9
9.89,0,1.375,1.125,16.375,6.875
9.9,0,0.5,0.875,82.125,9.25
9.91,0.125,0,0.25,5.125,9
9.92,0.125,0.5,0.5,3.875,13.875
9.93,0.125,0.5,0.75,3,7.5
9.94,0.5,0.25,0.75,5.625,11.25
9.95,0.25,0.375,0.25,2.625,7.75
9.96,0.625,0.5,1,2,8
9.97,0.375,0.25,0.75,1.75,9.75
9.98,0.375,0.25,1.25,1.5,7.75
9.99,0.625,0.75,0.25,1.375,8.5
10,0.25,0.25,0.25,1.375,8.25
10.01,11.375,9.125,24.5,37,35.625
10.02,18.375,23.5,33.25,43,26.125
10.03,22.75,28.75,30.25,17.625,23.375
10.04,19.125,23.625,22.5,20.75,21.75
10.05,23.125,25.625,24.875,20.625,20.375
10.06,19,20,21.875,17.25,18.75
10.07,20.5,20.625,19.125,16.5,21.25
10.08,16.25,19.25,18.75,18.25,20.75
10.09,19.375,17,16.375,17.875,17.5
10.1,15.25,17.625,17.375,15.625,16.75
10.11,16.5,15.5,17.375,18.625,21.875
10.12,19.625,20.125,18.875,19.5,21.625
10.13,15.75,18.25,17.875,16.25,18.75
10.14,14.5,14.25,17.625,18.875,19.875
10.15,16.125,17.625,18,18.125,19
10.16,14.375,13.5,15.75,17,17.625
10.17,17.25,17.375,15.75,18.25,17.625
10.18,14,15.125,17.125,17,20.625
10.19,16.5,16.125,15.75,16.625,18.375
10.2,15.25,16.75,17.875,19.75,18.875
10.21,16.125,15.375,16.5,18.125,20.75
10.22,13.125,17.25,15.5,17.75,19.25
10.23,14.5,15.75,16.625,19.5,18.75
10.24,16.25,16.125,15.375,15.5,17.75
10.25,15.5,15.5,17,17.5,21.125
10.26,15.125,15.5,16.125,19.125,18.875
10.27,14.375,15.625,18.625,18.75,21
10.28,16.375,18.25,16.375,18.875,17.875
10.29,15.375,16.5,16.375,18.125,21
10.3,14.875,14.75,16.625,18.75,18.375
10.31,15.25,16.25,16.5,17,19.75
10.32,15.125,14.625,17.625,19.625,18.625
10.33,13.75,16.375,16.75,16.375,18.75
10.34,15.375,14,14.5,17.25,18
10.35,16,17.875,17.125,17.375,20.375
10.36,2.375,2.125,3.875,4.125,5.875
10.37,1.375,2.375,2.625,3.25,5.375
10.38,0.75,1.5,3.125,3.875,5.875
10.39,1,1.5,0.375,2.5,2.625
10.4,0.5,1.25,1.375,2.625,3.5
10.41,0.875,0.625,1.125,1.5,1.875
10.42,0.125,0.875,0.375,2.25,1.5
10.43,0.125,0.5,0.5,0.75,1.125
10.44,0.625,0.125,0.125,1,1
10.45,0.125,0.125,0.125,0.75,0.875
10.46,0.5,0.5,0.625,1.125,1.125
10.47,0.5,0.75,1,1.75,2
10.48,0.375,0.25,0.375,1.625,1.25
10.49,0.375,0.375,0.75,0.625,1.75
10.5,0.375,0.375,0.5,2.125,3.625
10.51,0.375,1.125,0.5,1.5,6
10.52,0.5,0.25,1.625,3.5,79.375
10.53,0.25,0.375,1.875,66.25,11.25
10.54,0.625,0.25,1.625,38.125,4.375
10.55,0.25,0.125,2.25,4.375,6
10.56,0,0.5,4,3.75,3.25
10.57,0.25,0.25,4.75,3.375,5.5
10.58,0.25,0.875,97,2.25,2
10.59,0.25,1.125,3.625,2,2
10.6,1,1.375,2.375,2.375,2.125
10.61,2.125,2.75,2.625,3.125,3.375
10.62,0.5,4.375,2,0.875,2.875
10.63,0.5,106.5,2.125,1.125,3.375
10.64,1.25,0.75,1.5,0.875,3.75
10.65,0.625,2.5,1.125,1.75,4.125
10.66,0.125,1.5,0.5,1.125,7.25
10.67,0.125,1.375,0.375,1.375,39.625
10.68,0.375,2.25,0.625,2.375,15.875
10.69,0.25,1.375,0.375,2.375,11.75
10.7,0.5,1.5,0.25,1.625,7
10.71,0.25,0.5,0.375,1.625,6.25
10.72,0.5,0.875,0.5,1.5,8.375
10.73,0.25,0.125,0.75,2.125,5.875
10.74,0.75,0.25,0.375,11.125,4.875
10.75,0.625,0.25,0.75,90.25,7.625
10.76,0,0.5,1,2.875,7.125
10.77,0.625,1,2.125,3.125,10.375
10.78,0.25,0.375,2.625,3.625,7.25
10.79,0.25,0.375,1.5,2.25,8.375
10.8,1,0.625,2.75,2.5,11.75
10.81,0.875,0.25,4.375,1.375,11.125
10.82,0.25,0.25,97.125,1.5,10.875
10.83,0,0.625,1.5,1.125,11.375
10.84,0.75,1,3,1.375,8.375
10.85,0.5,1,2.125,1.375,9.875
10.86,0.875,1.375,2,1.375,7.75
10.87,0.875,1.875,2.5,1.25,7.625
10.88,0.75,9.5,1.375,2.375,9.625
10.89,0.125,101.88,0.375,1.625,9.375
10.9,0.375,2,0.875,1.5,7.5
10.91,1,1.625,1.375,0.75,8.125
10.92,0.75,1.375,1.25,1.75,10.125
10.93,0.5,1.5,0.625,2,8.625
10.94,1,1.125,1.125,3,7.5
10.95,0.5,1.125,0.5,86.125,8.875
10.96,0.875,0.375,1,12.625,12.5
10.97,0.125,0.375,0.75,2.625,10
10.98,0.625,0.125,0.5,4.25,9.5
10.99,0.625,0.375,1,4.75,8.5
11,1.375,0.625,1,2.875,6.375
11.01,0.5,0.25,1.625,2.375,9.125
11.02,1.125,0.625,0.375,2.375,5.25
11.03,0.375,0.375,1.375,1.625,7.75
11.04,0.5,0.25,1,1.625,9.875
11.05,0.625,0.5,0.375,0.625,3.875
11.06,0.5,0.5,2.125,1.25,9.25
11.07,1.25,0.5,2.5,0.625,12.75
11.08,0.75,0.375,1.5,1.125,10
11.09,0.25,0.875,1.625,1,9.375
11.1,0.25,0.25,1.375,1,8.375
11.11,0.625,0.125,1.125,1,11.5
11.12,0.125,0.125,1.5,1.875,8.5
11.13,0.25,0.75,1.625,2.5,11.625
11.14,0.375,0.25,1.625,2.125,10.625
11.15,0.25,0,2.75,68.25,7.25
11.16,0.375,0.375,7.25,34.125,7.875
11.17,0.125,0.625,104.38,3.875,7.5
11.18,0.125,0.375,2.5,3.875,8.875
11.19,0.375,0.625,2.875,3.375,6.625
11.2,0.25,0.625,3.25,3.25,6.375
11.21,0.5,0.875,2.375,3.25,9.25
11.22,0.25,1.75,2.125,2.125,9.375
11.23,0.5,1.125,2.5,1.25,6.5
11.24,0.25,1.25,0.75,1.125,9.125
11.25,0.375,1.75,0.875,1,12.125
11.26,0.375,2.75,0.875,1.375,10.875
11.27,1.125,2.5,0,1.375,13.5
11.28,0.25,110.12,0.375,0.75,9.375
11.29,0.125,0.875,1,1.75,4.75
11.3,0,2,0.25,1.25,11.25
11.31,0.5,1.875,0.25,0.25,8.75
11.32,0.75,2.75,0.5,1.75,7.125
11.33,0.125,1.375,0.875,2,5.75
11.34,0,1,1.625,0.875,5.75
11.35,0.25,0.75,1.125,1,10
11.36,0.125,0.75,0.75,0.875,10.75
11.37,0,0.25,0.875,0.875,8.125
11.38,0.125,0.875,0.25,1.5,10.625
11.39,0.25,0.375,0.25,2.25,14.25
11.4,0.25,0.375,1.375,2,6.125
11.41,0.375,0.75,2.625,11.625,7.75
11.42,0.375,0.5,1.5,103.12,9.5
11.43,0.625,0.875,17,2.375,7.375
11.44,0.125,0.5,95.5,3.375,11.875
11.45,0.5,0.75,3,4,7
11.46,0.5,0.375,2.375,3.5,6.875
11.47,0.5,0.375,2.375,2.625,10.5
11.48,0.25,0.375,2.25,1.5,7.875
11.49,0,0.25,1.625,1.5,13.25
11.5,0.75,0.375,1.125,1.375,10.25
11.51,0.5,0.125,1.5,0.875,7.375
11.52,0.375,0.375,0.5,0.875,9.875
11.53,0.25,0.5,1,0.875,9
11.54,0.25,0.375,0.25,0.75,12.625
11.55,0.375,1.5,0.625,0.875,6.75
11.56,0.375,1,0.75,0.625,7.5
11.57,0.125,0.5,0.875,0.875,5.75
11.58,0.75,1.125,1.125,1.5,7.125
11.59,0.625,1.125,1.375,1,8.5
11.6,0.625,0.25,0.125,1.875,7.75
11.61,0.5,0.75,0.125,1.5,6.625
11.62,0.375,2,1.125,4.625,10.25
11.63,0.875,3.125,1.375,99.5,9.75
11.64,0.375,110.62,1,3.875,15.875
11.65,0.5,0.75,1.5,3.5,13.75
11.66,0.375,2.25,0.75,5.125,9.375
11.67,0.5,2,1.5,3.875,10.5
11.68,0.25,1.625,1.75,3.125,9.5
11.69,0.375,3.375,7,3.125,10.75
11.7,0.375,0.375,104.88,1.625,4.75
11.71,0.5,1,1.5,1.25,8.125
11.72,0.125,1,2.75,0.625,9.375
11.73,0.125,0.75,2.625,1.625,9.5
11.74,0,0.5,1.5,1,9
11.75,0.625,0,1.75,1,9.5
11.76,0.375,0.625,0.75,1.25,7.75
11.77,0.125,0.25,0.875,1.375,4.875
11.78,0.5,0.25,0.375,0.375,6.75
11.79,0.5,0,0.375,1,3.375
11.8,0.5,0.5,0.125,1,3.375
11.81,0.25,0.125,0.875,1.5,3
11.82,0.25,0.25,0.25,4.375,4.125
11.83,0.75,0.5,0.625,8.875,4.625
11.84,0.5,0.625,0.875,83.25,5.125
11.85,0,0.875,0.875,2.75,6.25
11.86,0.5,0.875,0.5,4,8.125
11.87,0.875,0.125,0.5,4.375,18.875
11.88,0.625,0.875,1,4.5,23.625
11.89,1.125,1.125,1.375,2.875,7.875
11.9,0.75,0.625,1,1.625,12
11.91,0.5,0.625,1.5,1.25,9.5
11.92,1,1.125,1,0.875,8.25
11.93,1.125,2.125,1.375,2,9.625
11.94,0.25,1.75,1.125,0.75,5
11.95,0.5,1.5,2.125,2,8.625
11.96,0.375,2.125,1.25,2.25,5.75
11.97,0.25,2.5,0.625,1.75,6.5
11.98,0.25,1.75,0.875,1.5,6
11.99,0.375,5.5,0.625,2.375,6.25
12,0.625,110.5,1,4,5.625
12.01,0.5,1.375,1.625,4.125,6.375
12.02,0.875,1.375,2.5,32.625,13
12.03,0.5,2.5,7.375,34.25,16
12.04,0.25,1.25,105.62,6.875,12.5
12.05,0.375,1,1.625,5.25,10.5
12.06,0.375,0.5,3.75,4.125,7.625
12.07,0.375,0.125,1.625,3.25,7.125
12.08,0.375,0.375,1.875,2.875,8
12.09,0.125,0.5,2,2.125,6.875
12.1,0.875,0.375,1.5,0.625,6.75
12.11,0.375,0.5,0.75,1.625,7.125
12.12,0.25,0.375,0.625,1.375,5.25
12.13,0.125,0,1.125,1.625,6.375
12.14,0.625,0.75,1,2.875,12.875
12.15,0.25,0.5,0.5,3,10.375
12.16,1.125,0.5,0.875,4.125,6
12.17,0.625,0.375,1.25,4.5,10.625
12.18,0.5,0.75,0.5,29.75,7.875
12.19,0.375,0.75,0.5,24.875,10.25
12.2,0.125,1.5,0.5,3.625,9.875
12.21,0.5,0.875,0.25,4.5,7.25
12.22,0.125,0.875,1.25,6,8.5
12.23,0,0.875,0.875,7.75,6.5
12.24,0.25,0.25,0.5,5.375,10.625
12.25,0.5,0.5,1.75,2.75,9.375
12.26,0.75,0.25,1.25,6.25,11.5
12.27,0.5,0.625,2.625,3.375,10.75
12.28,0.5,1.375,2.875,4,10.25
12.29,0.5,1,6.25,2.625,7.125
12.3,0,0.625,102.12,4.125,10.25
12.31,0.625,1.125,4,8,8.5
12.32,0.375,2.75,1.875,3.25,7.25
12.33,0.375,4.125,2.5,9.5,10.375
12.34,0.375,108.12,2.25,21.25,9.25
12.35,0.25,1,1.75,14.5,8.875
12.36,0.125,2,0.875,11.5,9.375
12.37,0.5,2.125,2,6.375,7.375
12.38,0.125,1.75,1,6,8.25
12.39,0.625,1.875,0.875,5.625,8
12.4,0.375,2,0.875,4.625,6.125
12.41,0.125,0.875,0.75,5,4.5
12.42,0.375,0.5,0.75,3.125,3.75
12.43,0,0.625,0.875,4.875,5
12.44,0.375,0.875,1,5.25,4.5
12.45,0.375,0.375,0.5,6,6.125
12.46,0.625,0.875,1.625,5.25,17
12.47,0.75,1.5,1.5,6.875,14.625
12.48,0,0.625,1.625,15,15.25
12.49,0.25,0.625,1.75,16.125,9.125
12.5,0.25,0.875,1,7.25,9.25
12.51,0.25,0.875,2.375,4.75,6.375
12.52,0.625,0.625,2.125,9.25,9.5
12.53,0.75,0.625,2.25,8.875,10
12.54,0.625,0.75,101.88,8,10.5
12.55,0.125,0.5,3.25,7.125,10.75
12.56,0.375,0.625,2.875,7.5,7
12.57,0.375,0.5,3,4.375,9.125
12.58,0.75,0.875,2.125,6.125,8.125
12.59,0.875,2,2.875,7.75,8.5
12.6,0.125,4.375,1.5,8.25,10.5
12.61,0.625,7.25,1.375,8.125,5.875
12.62,0.25,105.5,0.75,10.875,10.875
12.63,0.375,2.25,0.25,5.5,5.75
12.64,0.625,2.375,0.625,8.625,5.25
12.65,0.25,1.375,0.625,7.25,7.625
12.66,0.25,1.25,0.25,6.25,7.75
12.67,0.25,1.375,0.375,8.875,7.375
12.68,0,0.875,0.5,6.125,4.125
12.69,0,0.75,1,7.125,8.25
12.7,0.25,0.875,0.25,6.375,9
12.71,0.375,1,0.5,10.25,10.375
12.72,0.25,0.625,0.625,7.625,20.75
12.73,0.5,0.25,0.75,6,9
12.74,0.125,0.375,0.5,6.375,8.625
12.75,0.375,1.125,0.75,7.5,9
12.76,0,0.75,1,6,7.5
12.77,0,0.5,1.25,4.625,6.75
12.78,0.125,0.625,0.875,7.5,10.875
12.79,0.25,0.5,5.375,9,11.625
12.8,0.125,0.75,106.25,7.5,6.75
12.81,0.25,1,1.875,7.875,6.125
12.82,0,0.375,2.75,8,11.375
12.83,0.125,0.5,3.5,10,6.375
12.84,0.25,1.5,2.875,5.875,8.5
12.85,0.25,0.75,1.375,7.125,5.875
12.86,0,0.375,1.625,6.625,8
12.87,0.25,0,0.75,5.625,4.625
12.88,0.125,0,0.25,4.5,6.25
12.89,0.125,0.25,0.5,6.125,5.125
12.9,0.625,0.375,0.125,8.625,5.375
12.91,0,0.125,0,7.625,14.25
12.92,0.375,0.5,0.125,4.75,20.75
12.93,0.625,0.875,0.75,6.875,14.875
12.94,0.125,0.375,1,5.75,6.375
12.95,0.375,0.875,1.5,6.875,7.75
12.96,0.5,0.875,0.75,6,7.75
12.97,0.5,0.625,0.25,18.25,7
12.98,0.625,1,0.875,9.625,5.375
12.99,0.25,1.125,0.625,5.5,5.375
13,0.25,0.5,0.5,4.75,7.875
13.01,0.25,0.5,0.75,6.875,9
13.02,0.125,0.75,0.375,7.125,10.375
13.03,0.25,1,1.125,6.25,6.75
13.04,0.5,0.625,1.875,3.75,14.75
13.05,0.875,0.625,0.375,6.375,9.125
13.06,0.625,0.875,0.375,6.25,10.625
13.07,0.5,2.125,0.5,12.625,7.875
13.08,0.625,1.375,0.5,8.75,9.875
13.09,0.25,1.625,1.125,5.625,7.5
13.1,0.375,2.75,2,6.375,7.75
13.11,0.25,109.12,4.625,10.75,8.25
13.12,0.5,0.5,111,6.75,9.5
13.13,0.25,2.875,1.625,6.375,9.25
13.14,0.125,1.375,2.375,4.875,8.5
13.15,0.75,1.75,2.625,3.625,6.875
13.16,0,1.375,3,4,8.125
13.17,0.75,1.125,2.625,2.625,12.375
13.18,0.375,0.25,1.75,1.5,7.875
13.19,0.25,0.5,0.875,2.375,7.75
13.2,0.625,0.375,1.875,3.5,9.75
13.21,0.625,0.5,1.25,6.375,8.625
13.22,0.625,0.125,1.375,15.25,4.375
13.23,0.625,0.5,0.75,21.125,9
13.24,0.5,0.625,0,10.375,7.5
13.25,0.375,0.125,0.5,6.75,16.25
13.26,0.375,0.75,0.5,6.75,12.125
13.27,0.5,0.5,0.25,5,4.875
13.28,0.125,0.25,1.125,4.625,10.875
13.29,0.125,1.25,1,7.5,8.375
13.3,0.5,1.125,1.125,4.625,8.125
13.31,0.375,1,1,5.25,8.125
13.32,0.875,0.25,1.25,6.25,7.75
13.33,0.375,0.875,1.25,5.875,8.25
13.34,0.375,0.25,0.375,7.75,11.25
13.35,0.25,0.625,2.625,10.625,10.25
13.36,0.5,0.25,1.5,8.75,6.5
13.37,0.25,0.25,0.875,7.375,7.75
13.38,0.5,0.375,1.25,14,8.5
13.39,0.375,0.375,2.125,6.125,6.875
13.4,0.625,0.5,4.625,7,12.125
13.41,0.25,0.75,107,9,4.25
13.42,0.375,0.875,1.5,7.375,5.75
13.43,0.375,1.5,2.5,10.875,7.5
13.44,0.625,1.75,3.5,7.875,9.375
13.45,0.375,1.375,0.625,4.25,5.25
13.46,0.375,1,1.5,2.625,9
13.47,0,0.875,1,3.125,16.625
13.48,0.375,0.625,0.75,1.5,11.5
13.49,0.25,0.25,0.625,1.375,8
13.5,0.375,1,0.25,1.5,5.875
13.51,0.125,1.625,0.375,2.25,8.25
13.52,0.125,1.5,0.25,2.75,10.5
13.53,0.25,1.75,0.75,3.125,9.375
13.54,0.125,0.875,1.25,2.625,7.125
13.55,0.5,1.25,1,1.625,10
13.56,0.5,0,0.375,1.25,5.875
13.57,0.25,1.375,0.5,4.25,8.625
13.58,0.625,1.875,1.25,3,11.875
13.59,0.75,1.25,1,6.125,8.75
13.6,0.25,2,1.125,83.25,10.5
13.61,0.375,4.75,0.75,4.375,9.25
13.62,0.5,112.62,1.5,4.5,10.125
13.63,0.25,1.125,1.75,4.5,14.75
13.64,0.625,1.875,1.5,4.875,6.375
13.65,0.625,1.75,2.5,4.125,8.375
13.66,0,0.875,2.625,3.5,4.625
13.67,0.5,0.875,2.5,1.25,7.375
13.68,0.75,1.375,3,1.25,8.5
13.69,0.125,0.25,106,1,10
13.7,0.125,0.875,3.875,0.25,8.75
13.71,0.125,0.375,2.5,1.125,8.75
13.72,0.375,0.25,3.125,0.875,6.25
13.73,0,0.125,2,1,6.75
13.74,0.125,0.25,3.125,1.25,5.375
13.75,0.5,0.5,2.625,0.75,8.25
13.76,0.25,0.75,1.375,2.25,7.875
13.77,0.25,0.25,1.375,3,9.75
13.78,0.25,1,0.625,3.75,14
13.79,0.375,0.5,1,52.5,13.5
13.8,0.125,0.25,0.5,32,7.5
13.81,0.375,1.25,0.375,4.875,8.125
13.82,0.25,1.25,0.625,5,5.625
13.83,0.75,1,0.25,3.125,6.5
13.84,0.125,1.75,0.25,4.5,7.5
13.85,0.25,1.125,0.125,2.875,6.75
13.86,0.375,1.125,0,2.75,6.375
13.87,0.5,0.375,0.25,2.375,7.125
13.88,0.25,1.375,1,0.875,12.5
13.89,0.125,0.5,1.25,0.5,7.125
13.9,0.125,0.75,0.75,1.5,17.625
13.91,0.125,0.625,2.125,0.75,6.625
13.92,0.625,0.375,1,0.25,11.25
13.93,0.125,0.875,1.375,0.875,7.125
13.94,0.125,1.125,3.25,1.125,12
13.95,0.625,0.75,2.25,1.25,8.75
13.96,0.5,0.375,110,1.125,7.5
13.97,0.25,0.5,1.75,0.625,8.75
13.98,0.375,0.625,2,1,6.875
13.99,0.25,0.25,2,3.375,14.5
14,0.75,0.625,2.375,37.875,8.5
14.01,0.75,4.125,2.75,67.875,8.5
14.02,0.625,7,1.5,3.75,10.5
14.03,0.125,109.12,0.875,2.875,8.875
14.04,0.125,1,0.75,4.625,11.75
14.05,0,1.75,1.125,2.125,8.5
14.06,0.375,2.25,0.75,3.375,8.75
14.07,0.25,1.625,0.625,4.25,4.375
14.08,0.125,1.25,0.75,2.375,5.625
14.09,0.375,0.75,0.375,0.875,5
14.1,0,0.5,0.75,1.625,4.75
14.11,0.125,0.5,0,0.875,3.375
14.12,0.375,0.25,0.5,0.75,6.625
14.13,0.25,0.5,0.75,0.375,6.875
14.14,0.125,0.125,0.375,1.25,9.375
14.15,0.375,0.5,1.375,1.375,13.125
14.16,0.5,0.5,1.25,1,11.25
14.17,0.875,0.75,2.125,2.125,13.875
14.18,0.375,0.5,1.125,1.375,9.5
14.19,0.25,1.25,1.875,3.875,10
14.2,0.875,1,3.125,10.75,9.625
14.21,0.75,1,2.25,79.5,9
14.22,0.5,1,88.25,4.75,4.25
14.23,0.25,0.75,22.875,5.5,7.625
14.24,0.625,0.625,3,3.5,8.375
14.25,0.125,1,2.5,4.125,10
14.26,0.625,0.75,1.625,2.125,10
14.27,0.25,0.5,2.625,2,10.75
14.28,0.5,1.375,1.75,1.875,11.875
14.29,0.375,0.5,1.375,1.875,7.125
14.3,0.25,0.5,1,1.375,6.875
14.31,0,0.25,0.375,0.875,7.875
14.32,0.25,1.125,1.5,0.625,12.625
14.33,0,0.625,1.25,0.75,9.875
14.34,0.25,0.25,0.875,0.75,7.25
14.35,0.5,0.375,1,1.875,8.25
14.36,0.5,0.75,0.75,1.5,9.375
14.37,0.25,0.625,0.25,4.5,9.375
14.38,0.25,2.625,0.875,72.125,9.5
14.39,0.125,8.125,1,8.25,5.125
14.4,0.375,105.12,0.25,4.25,8.875
14.41,0.5,1.25,0.75,4.75,7.125
14.42,0.125,3.25,0.5,5.375,9.75
14.43,1.25,2.125,1.25,5.625,6.5
14.44,0.5,1.75,1.125,4,12.25
14.45,0.5,0.5,1.75,2.5,10.25
14.46,0.25,0.375,0.75,2,14.375
14.47,0.25,0.375,1.625,0.875,6.875
14.48,0.5,0.25,1.625,1.875,9.125
14.49,0.125,0.5,2.75,3.75,7.875
14.5,0.125,0.125,5.875,2,9.875
14.51,0.125,0.25,105.38,1.75,9.75
14.52,0.25,0.625,2.5,3.625,9.5
14.53,0,0.75,2.5,1.125,8.875
14.54,0.625,0.25,2.625,3.75,6.75
14.55,0.75,0.375,1.5,3,5.875
14.56,0.625,0.75,2.25,2.75,6.625
14.57,0.75,0.625,1.25,5.375,5.75
14.58,0,0.25,0.5,20,7.5
14.59,0.125,0.875,1.125,37.375,7.375
14.6,0.5,1.625,0.75,8.5,7.25
14.61,0.375,0.75,0.75,5,8.75
14.62,0.125,0.375,0.5,4.25,15.125
14.63,0.25,0.5,0.625,6.25,12.125
14.64,0.5,1.125,0.75,5.125,9.75
14.65,0.25,1.25,1,10.875,10.875
14.66,0.25,0.5,0.625,7.375,8.25
14.67,0,0,0.875,4.75,8.875
14.68,0.375,0.25,1.25,5.375,9.75
14.69,0.375,0.875,0.75,5.25,9.125
14.7,0.625,1.125,0.75,5.875,7.25
14.71,0.125,0.5,0.75,3,8.5
14.72,0.5,0.625,0.375,4,8.375
14.73,0.25,1,0.5,2.75,10.125
14.74,0.125,0.875,1.125,4.375,7.125
14.75,0.5,0.5,0.625,4.25,5.25
14.76,0.25,1,0.5,4,5.25
14.77,0.125,0.5,0.5,3.25,3.25
14.78,0.5,0.625,0.375,6.875,3.75
14.79,0.5,0.875,0.625,7,4.25
14.8,0.125,0.75,0.625,6.5,2.75
14.81,0,0.125,0.375,15.125,1.375
14.82,0.5,0.25,1.125,17.625,1.5
14.83,0.375,0.625,1.625,7.25,2.25
14.84,0,0.625,6.75,5.875,2.375
14.85,0.125,0.625,109,7.25,4.125
14.86,0.25,0.875,2.25,5,21.75
14.87,0.5,0.875,2.5,7.625,45
14.88,0.375,1,2.875,5.875,10.875
14.89,0.25,0.875,1.375,8.75,5.25
14.9,0.875,0.25,2.5,5.5,5.875
14.91,0.75,1.125,1.25,3.375,6.5
14.92,0.25,0.5,0.375,3.25,4.875
14.93,0,0.875,0.875,2.125,5.5
14.94,0,0.625,0.375,3.5,5.75
14.95,0.125,0.75,0.625,2.75,8.5
14.96,0.5,0.875,0.375,4.125,10.375
14.97,0.25,1.25,1.75,5.75,8.25
14.98,0.25,0.5,0.625,13.125,6.625
14.99,0.125,0.5,0.875,17.625,5.875
15,0.625,1.375,1,24.375,9.375
15.01,0.25,0.875,0.875,7.5,14.25
15.02,0.5,0.375,0.75,6,9.875
15.03,0.25,2,0.75,3.5,10.875
15.04,0.125,2.375,1.25,5.125,11
15.05,0.5,0.375,0.375,7,10.75
15.06,0.375,1.25,1.25,7.125,6.25
15.07,0.625,0.875,1.75,3.625,6.75
15.08,0.625,0.25,4.375,4,3.75
15.09,0.875,0.5,107.88,4.5,9.25
15.1,0.25,0.375,1,2.625,8.875
15.11,0.25,0.875,2,2.5,11.875
15.12,0.375,0.375,2.5,2.125,7.5
15.13,0.375,0.75,1.25,3.125,8.625
15.14,0.125,0.125,2.125,3.875,10.5
15.15,0.125,1.125,2,3.375,6.5
15.16,0.25,0.625,0.75,8.5,6.75
15.17,0,0.25,1,39.5,7
15.18,1,1.375,1,9.375,9.875
15.19,0.625,0.375,0.625,10.375,12.875
15.2,0.125,2.125,1.75,3.875,9.375
15.21,0.375,2.375,0.75,2.625,10.75
15.22,0,2,0.625,4.125,7.5
15.23,0.375,10.125,1,3.5,12.25
15.24,0.125,106.12,0.125,1.5,6.25
15.25,0,1.625,0.25,2,10.75
15.26,0.375,3.5,0.625,1,11.125
15.27,0.25,1.5,1.5,1.125,6.75
15.28,0.375,1.25,1,0.75,6.5
15.29,0.25,1.125,1.375,0.75,11.125
15.3,0,1.375,0.5,1,9.75
15.31,0.5,1.625,1.125,0.625,9.5
15.32,0.5,0.875,2.125,0.875,9.5
15.33,0.125,0.75,1.375,1.375,8.75
15.34,0.375,0.375,0.875,2,11.75
15.35,0.5,0.25,2.625,2.375,6.875
15.36,0.375,0.375,3.875,23.25,8.25
15.37,0.375,0.375,8.625,78.625,7.625
15.38,0.25,0.875,102.38,2.875,6.625
15.39,0.375,0.375,1.5,5.5,5.75
15.4,0.125,0.5,2.125,3.5,8.5
15.41,0.375,0.125,2.75,4.125,8.5
15.42,0.125,0,1.875,3.25,12.375
15.43,0.25,1,1.5,2.875,11.125
15.44,0.25,0.5,1.375,1.625,7.75
15.45,0.625,0.75,0.375,2,6.375
15.46,0.625,1,1.875,1,10.375
15.47,0.875,2,1.625,2.25,8.75
15.48,0.5,0.25,0.5,1.375,9.875
15.49,0.25,0.125,1,0.75,10
15.5,0.375,0.375,0.75,0.875,7.625
15.51,0.375,0.375,0.25,0.875,10.25
15.52,0.5,0.75,1,1.5,9
15.53,0.5,0.5,1,2.125,9.125
15.54,0.375,0.375,0.625,1.125,8.25
15.55,0.375,0.875,1.25,0.375,10.375
15.56,0.5,0.125,0.875,1.5,9.25
15.57,0.125,0,0.625,1.25,7.25
15.58,0.25,0.25,0.375,2.375,7.125
15.59,0.25,1.125,1,45.875,13
15.6,0.125,0.625,0.625,60.5,10.125
15.61,0.375,0.75,0.125,3,10.75
15.62,0.875,0.875,1.25,3.875,5.625
15.63,0.375,1,0.625,3.75,9.5
15.64,0,0.625,0.75,5.375,7.25
15.65,0.75,0.75,1,2.875,9.375
15.66,0.25,0.75,0.625,1.875,8
15.67,0.375,1,0.75,1.25,11.25
15.68,0.375,0.625,1,2.125,6.625
15.69,0.25,0.125,0.875,1,10.75
15.7,0.125,1.25,1,1.25,7.75
15.71,0.125,0.5,0.25,1,6.125
15.72,0,0.375,0.75,1.25,9.375
15.73,0.25,0.5,0.75,0.625,7.375
15.74,0.375,0.375,1.375,1.75,11.25
15.75,0.25,0.75,0.875,1.625,8.625
15.76,0.125,1,1.625,2.375,8.375
15.77,0.375,0.5,2.25,2.875,10.875
15.78,0.5,0.25,4.25,7.375,8.25
15.79,0.375,1,108.5,73,11.125
15.8,0.25,0.75,1.375,5.625,5.5
15.81,0.25,1.375,1.75,4.5,6.125
15.82,0.25,1.375,2.375,3.875,7.125
15.83,0.25,1.875,2.75,4,5.875
15.84,0.375,2.375,2.25,3,7.5
15.85,0.125,9.25,0.875,2.25,16.125
15.86,0.375,104.75,1.25,1.25,16.25
15.87,0,1.5,0.625,1,11.25
15.88,0,1.5,0.75,0.875,6
15.89,0.125,2.375,0.125,1.875,5
15.9,0.125,3.125,0.875,0.625,5.25
15.91,0.25,0.75,0.75,0.5,9.5
15.92,0.375,0.5,0.75,0.5,7.5
15.93,0.125,0.375,0.125,0.875,7.5
15.94,0,0.5,0.5,0.5,7.625
15.95,0.25,0.125,0.5,0.875,10.625
15.96,0.375,0.5,0.625,1.5,12.875
15.97,0.5,0.125,0.375,2,10.125
15.98,0.125,0.5,0.125,1,10.625
15.99,0.25,0.25,0.625,1.5,11
16,0,0.25,0.625,3.125,8.75
16.01,0.25,0.25,0.25,104.62,7.25
16.02,0.375,1.125,0.75,3.75,5.875
16.03,0.25,1,0.5,4.625,5.625
16.04,0.25,0.625,0.5,3.375,5
16.05,0.125,0.75,2.375,3.25,5.125
16.06,0.375,0.625,4.875,3.75,6.625
16.07,0.5,2,108.12,2.875,5.75
16.08,0.25,0.5,1.25,2.125,6
16.09,0.25,0.5,3.5,0.75,8.625
16.1,0.25,0.25,2,1.75,15
16.11,0.5,0.25,3.125,0.875,16.125
16.12,0.75,0.875,2.5,0.875,13.5
16.13,0.375,0.625,1.625,1.25,7.125
16.14,0.375,1.125,1.125,0.875,7.125
16.15,0.5,1.75,1.375,1.25,8.875
16.16,0.375,1.625,0.5,1.5,5.625
16.17,0.5,0.75,1.25,1.25,7.125
16.18,0.125,1.25,0.125,1,4.375
16.19,0.375,0.75,0.75,1.125,5
16.2,0.25,3.25,1.375,1.375,5.25
16.21,0.375,2.875,0.625,1.375,6.5
16.22,0.5,2.125,1,1.125,11.5
16.23,0.375,1.5,0.875,2,17.875
16.24,0.125,1.5,1,2.25,9.625
16.25,0.5,1,0.875,2.5,8.875
16.26,0.375,2.625,1.125,34.75,9.625
16.27,0.125,3.75,1,74.25,7.25
16.28,0.5,14.75,1.875,4.25,10
16.29,0.125,91.75,2,4.125,10.875
16.3,0.375,1.875,1.25,4.5,9
16.31,0.25,1.75,1.875,3.75,7.75
16.32,0.375,1.625,1.125,2.5,9.5
16.33,0,0.875,0.625,1.875,8
16.34,0.25,0.625,0.75,0.875,7
16.35,0,1.125,0.375,0.375,10.75
16.36,0.75,1.125,3,1.625,10.25
16.37,0.5,0.875,113,1.25,11.125
16.38,0.625,0.5,1.875,1.75,7
16.39,0.125,0.25,2.25,0.875,6.125
16.4,0.125,0.875,1.625,0.5,10.375
16.41,0.5,0.75,2,1.375,12.625
16.42,0.125,0.375,1.625,1.125,8.125
16.43,0.375,0.625,1.75,1.375,6.625
16.44,0.125,0.5,2.125,5.375,12.875
16.45,0.5,0.25,1.25,43.625,7.375
16.46,0,0.5,1.125,25.25,7.375
16.47,0.625,0.25,0.25,8.25,7.75
16.48,0.5,0.5,0.75,4.25,11
16.49,0.125,0.5,0.25,4.25,11.375
16.5,0.625,0.75,0.125,3.75,8.375
16.51,0.125,0.625,0.25,2.625,8.5
16.52,0.375,0.625,0.5,3.875,10.125
16.53,0.25,0.5,0.75,2.75,6.75
16.54,0.625,0.375,0.875,1.875,7.75
16.55,0.375,0.125,1.25,1,8.25
16.56,0.25,0.25,1.25,0.875,7.125
16.57,0.75,0.75,2.25,2,10.25
16.58,0.5,0.375,0.625,0.625,8.875
16.59,0,0.375,0.625,2.5,13.625
16.6,0.125,0.75,0.75,2.125,8
16.61,0.25,0.5,0.375,3.25,13.375
16.62,0.25,1,0.375,3,6.75
16.63,0.5,0.75,1,7.25,6.625
16.64,0.125,0.25,0.25,72,5.5
16.65,0.125,0.25,0.625,5.75,10.75
16.66,0.25,0.875,0.625,3.75,5
16.67,0.25,0.375,0.625,3.25,9.375
16.68,0.25,0.875,0.5,5.5,5
16.69,0,0.75,0.5,3.5,7.5
16.7,0.375,1,0.75,1.875,13.875
16.71,0,1.25,0.125,1.625,15
16.72,0.125,1.5,0.75,1.625,6
16.73,0.125,0.25,1.875,2,8.25
16.74,0.375,0.25,3.125,1.25,9.625
16.75,0.25,0.75,90.875,0.75,8.5
16.76,0.625,0.875,20.125,1.5,12.25
16.77,0.125,0.875,2.75,1.75,9.875
16.78,0.5,1.375,2.5,2.25,7.125
16.79,0.5,1.625,2.375,1.5,7.125
16.8,0.25,1.5,1.625,2.125,6
16.81,0.375,7.125,2.25,2.125,7.125
16.82,0.25,107.75,0.875,1.875,4.25
16.83,0.25,2.125,0.5,2.25,6.125
16.84,0.25,1.375,1.625,56.25,9.375
16.85,0.125,1.75,1.5,37.75,8.5
16.86,0.375,0.875,0.75,4.25,10.125
16.87,0.375,1.875,0.5,5.75,13.625
16.88,0.25,0.625,0.75,3.5,13.375
16.89,0.125,0.875,0.25,4.25,10.375
16.9,0.125,0.875,0.25,3.25,8.375
16.91,0.375,0.375,0.25,3.375,10.75
16.92,0.25,0.625,0.5,2.75,9.25
16.93,1,0.25,1,2,7.375
16.94,0.125,0.625,0.5,1.25,8.25
16.95,0.75,0.75,1,0.875,7
16.96,0.375,0.25,1.25,0.75,4.125
16.97,0.125,0.375,1,0.625,4
16.98,0.25,0.875,1.75,0.375,4.5
16.99,0.5,0.25,0.625,0.875,3.625
17,0.25,1.25,1,0.75,4.75
17.01,0.25,0.625,0.875,1,2.625
17.02,0.5,0.25,1.875,0.5,4.125
17.03,0.375,0.375,1.75,0.375,7.25
17.04,0.375,0.875,4.25,0.75,19.75
17.05,0.125,1,38.75,0.75,16.125
17.06,0.25,0.375,75,1.5,13.375
17.07,0.25,0.875,1.625,1.625,7.875
17.08,0.25,0.75,2.375,1.75,10.125
17.09,0.25,0.875,2.875,94.5,11.25
17.1,0.625,0.5,2,18.25,10.5
17.11,0.875,0.875,1.375,3.5,6.5
17.12,0.5,0.625,2,3.25,6.5
17.13,0.25,0.75,0.75,3.375,5.625
17.14,0.25,0.75,0.5,2.5,2.875
17.15,0.25,1,0.5,4.125,5.875
17.16,0.25,0.625,0.625,1.375,4.25
17.17,0.25,0.5,0.75,1.625,3.75
17.18,0,0.875,0.5,1,3.625
17.19,0.625,0.5,0.625,0.75,8.375
17.2,0.25,0.5,1,1.375,19.875
17.21,0,0,0.375,1,14.875
17.22,0,0.625,0.375,0.625,10.625
17.23,0.375,0.625,1.5,1.25,9.125
17.24,0.125,0.375,0.75,1.25,10.125
17.25,0,0,0.25,0,8.25
17.26,0.25,0.125,0.625,1.375,6.25
17.27,0.375,0.875,1.25,1.25,13.25
17.28,0.5,1.125,0.75,1,7
17.29,0.625,1.875,0.5,1.375,9.125
17.3,0.25,1.75,0.625,1.625,10.25
17.31,0.25,2.25,1.25,0.625,6.875
17.32,1,12,2.25,1,10.375
17.33,0.125,104,1,1.125,5.125
17.34,0.375,1.875,1.875,1.25,6.5
17.35,0.5,2,51,1.625,8.125
17.36,0.125,2.5,61.75,88.875,9.625
17.37,0.5,1.875,2.25,23.75,10
17.38,0.5,0.875,1.875,3.875,5.875
17.39,0.25,0.625,2.5,3.625,9.75
17.4,0.5,0.375,1.25,2.875,9.25
17.41,0.75,0.5,1.25,3.25,11.875
17.42,0.875,0.25,2.5,3.375,8.75
17.43,0.125,0.75,1.5,3,10.5
17.44,0.25,0.375,0.5,2.125,10.125
17.45,0.375,0.875,0.875,1.75,8.375
17.46,0.25,0.625,0.75,0.75,8.625
17.47,0.25,1.5,1.625,1,8.375
17.48,0.375,0.75,1.5,1.875,6.625
17.49,0.5,1.25,1.875,1.25,11.375
17.5,0.5,0.625,0.625,1.75,5.625
17.51,0.25,0.5,1,1.875,10.25
17.52,0.875,0.625,0.875,2.375,10.125
17.53,0.375,0.875,1.375,1.875,10.5
17.54,0.25,0.5,1.125,3.125,12.125
17.55,0.375,0.875,1.625,4,8.5
17.56,0.25,0.5,0.75,6.25,8.375
17.57,0,0.25,1.375,32.5,6.625
17.58,0.25,1,4.125,29.875,5.75
17.59,0.25,0.5,8.5,10.875,11
17.6,0.375,0.5,96,5.625,5.125
17.61,0.25,0.875,1.875,5.625,7.5
17.62,0.125,0.75,3.5,4.75,8.875
17.63,0.5,1.5,2.25,5.125,5.375
17.64,0.375,1,1.625,3.25,4.5
17.65,0.375,3.375,1.75,3.625,14.375
17.66,0.625,4.25,2.625,2.75,8.75
17.67,0.75,103.12,1.5,3.375,8.625
17.68,0.625,8,1,2.125,7.5
17.69,0.375,0.75,0.875,1,8
17.7,0.125,2.125,0.75,1,11.875
17.71,0.375,1.625,0.625,1.25,9.875
17.72,0.5,1.625,1,0.75,10.375
17.73,0.75,1,1.125,0.75,7.25
17.74,0.5,0.75,0.625,1.25,7.75
17.75,0.375,0.875,0.5,1,9.125
17.76,0.125,0.125,0.75,1.125,7
17.77,0.25,0.875,0.75,2.375,10.375
17.78,0.625,1.375,0.375,5.5,11.125
17.79,0.5,0.75,0.5,98.625,8.875
17.8,0.625,1.375,0.75,3.5,7.875
17.81,0.25,0.5,0.75,3.25,8.125
17.82,0.375,0.5,1.125,3.625,7.875
17.83,0.25,0.5,0.5,1.5,11.5
17.84,0.375,1.75,2.5,5.375,8.75
17.85,0.125,0.75,4.5,2,10.625
17.86,0.875,0.875,109.38,1.625,8.125
17.87,0.125,0.25,0.75,1.5,5.875
17.88,0.375,0.75,2.875,1.125,7.125
17.89,0.25,0.625,2.625,1.75,6.375
17.9,0,0.5,1.25,1.25,5
17.91,0.25,0.375,2.125,1.25,8
17.92,0.25,0.75,1.75,0.625,10.5
17.93,0,0.625,1.125,1.25,9.125
17.94,0.375,0.75,0.5,1.375,13.75
17.95,0.375,0.625,0.75,1.25,13.75
17.96,0.5,0.75,1,3.625,9.75
17.97,0.5,0.75,1,5.125,6.125
17.98,0.5,0.5,1,81,8.75
17.99,0.875,0.875,0.375,7.375,8.5
18,0.25,0.125,0.625,5.875,4.75
18.01,0,0.5,0.875,2.125,6.25
18.02,0.25,0.25,0.875,5.625,7.375
18.03,0.25,0.875,0.625,4.25,5.875
18.04,0.5,0.875,1.5,3.625,7.5
18.05,0.125,0.625,0.75,2.25,10.625
18.06,0.375,1.125,0.5,1.75,8.5
18.07,0.875,1.25,0.5,3.375,14.75
18.08,0.75,1.125,1.25,2.125,5.375
18.09,0.25,2.25,1.875,1.125,9
18.1,0.125,5.25,3,1.875,10.125
18.11,0,110.88,4.125,1.375,8.5
18.12,0.25,1.25,106.88,1,8.75
18.13,0.25,2.25,3.25,2.25,9
18.14,0,2.125,1.875,0.875,4.375
18.15,0,1.5,2.75,1.125,5.375
18.16,0.375,1.125,2.375,2.25,4.375
18.17,0.75,1.875,1.875,3,4.25
18.18,0.25,0.25,1.75,2.25,5.5
18.19,0.375,0.375,1.25,2.5,7.875
18.2,0.375,1,1.125,4.375,12.375
18.21,0,0.25,0.625,97,11.875
18.22,0,0.5,1,3.625,15.625
18.23,0,0.5,0.375,3.875,8.625
18.24,0.25,0.25,0.375,4.375,14.5
18.25,0.375,0.375,0.625,2.75,5.375
18.26,0.5,0.25,0.375,6,12.875
18.27,0,0.5,0.25,2.625,9.125
18.28,0.5,0.75,0.75,1.25,10.25
18.29,0.375,1,0.625,1.875,9.625
18.3,0.25,0.375,0.875,0.875,7.875
18.31,0.25,1,0.75,0.875,7.875
18.32,0.25,0.5,0.5,1.5,7.5
18.33,0.125,0.625,0.75,0.625,5.25
18.34,0.75,0.125,1.125,1.125,6.5
18.35,0.25,0.625,1.125,1.25,4.375
18.36,0.125,1.75,0.5,3.625,5.625
18.37,0.25,1.25,0.75,2.5,8.5
18.38,0.125,1,2.875,5.125,14.25
18.39,0.125,0.875,105,31.375,11.875
18.4,0.5,0,10.75,33.75,12.625
18.41,0.25,0.25,3.125,6.875,8.75
18.42,0,0.75,2,5.625,5
18.43,0.25,0.5,2,5,9.625
18.44,0.25,1,2,6.375,7.25
18.45,0.125,1.375,1.75,5,9.375
18.46,0.25,0.5,1.125,3.125,6.375
18.47,0.125,1.125,0.375,4,5.125
18.48,0,1.25,0.5,1.375,4.5
18.49,0.125,2.625,0.125,3.5,6.375
18.5,0.375,1.375,0.75,3,12.375
18.51,0.75,2.875,0.625,2.25,10.125
18.52,0.25,2.125,0.625,4.375,17.625
18.53,0.125,1,0.125,3.5,9.875
18.54,0.125,1.375,0.625,5,11.125
18.55,0.875,1.5,1,6,10.125
18.56,0.125,1.75,0.75,16.875,6.75
18.57,0.25,2.875,0.75,20.5,9.625
18.58,0.25,30.5,1.875,4.25,7.375
18.59,0.125,83.375,0.375,7.625,8.25
18.6,0.625,2.125,0.875,6,8.5
18.61,0.5,2.25,1.125,6.75,8.25
18.62,0.125,2.375,1.5,7.25,9.875
18.63,0.25,0.625,0.75,7.75,4.375
18.64,0.25,1,1.625,4.625,8
18.65,0.5,1.75,1.375,4,8.125
18.66,0.375,0.75,1.375,5.75,8.625
18.67,0.125,0.625,1.25,5.5,12.25
18.68,0.125,0.25,1.75,5.25,11.125
18.69,0.375,0.625,2,7,5.25
18.7,0.625,0.5,1.5,6.875,9.75
18.71,1,0.625,3.125,11.5,7.125
18.72,0.25,0.5,6.375,8.25,9.25
18.73,0.75,0.625,109.88,10.875,6.75
18.74,0.125,0.375,2.375,9.5,10
18.75,0.375,0.25,2.125,12.25,7.625
18.76,0.625,0.75,2.625,7.875,12.125
18.77,0.625,0.625,1.5,8.25,7.875
18.78,0,0.375,2.25,8.125,13
18.79,0,0,1.375,4.5,9
18.8,0,0.25,0.5,6.625,9.5
18.81,0.125,0.375,0.5,5.375,8.875
18.82,0.125,0.25,0.625,3.625,9.125
18.83,0.375,0.375,0.5,2.625,6.75
18.84,0.5,0.125,0.125,0.875,7.5
18.85,0.375,0.375,1.375,2,8.375
18.86,0.5,0.25,0.5,2.25,8.875
18.87,0.75,0.75,1.5,6.5,9.625
18.88,0.375,0.375,1.375,5.5,7.375
18.89,0.5,0.375,2.25,9.375,6.5
18.9,0.375,0.25,0.5,17,6.375
18.91,0.125,0.75,1.25,26.5,9.25
18.92,0.25,0.875,1.5,8,12
18.93,0,0.875,1.375,7.625,7.5
18.94,0.375,1.5,1.75,4.25,12.625
18.95,0.25,0.125,0.375,3.875,10.875
18.96,0,0.875,1,4.125,7.125
18.97,0,0.375,1.5,4.125,8.75
18.98,0.875,1.75,1.5,3.25,5.875
18.99,0,0.625,1.625,0.75,9.75
19,0.375,0.5,3,0.875,9.75
19.01,0.25,1,3.375,0.5,9.125
19.02,0.125,0.75,110.62,1.25,9.125
19.03,0.25,1.875,0.5,0.75,10.875
19.04,0.125,3.125,2.875,1.5,10.25
19.05,0.375,1.875,2,1.25,10.25
19.06,0.625,5.5,1.625,0.875,9.5
19.07,0.375,109.62,1.625,1.375,7.25
19.08,0.375,2,2.125,2.125,7.125
19.09,0.375,1.375,1.5,2.25,5.375
19.1,0.125,1.375,0.375,3.375,9.25
19.11,0.125,1.25,0.75,10.875,4.75
19.12,0.25,0.625,0.625,93.375,5.625
19.13,0,1.5,1,3.875,4.125
19.14,0.125,0.75,0.625,4.625,7.125
19.15,0.5,0.875,0.375,3.5,6.75
19.16,0.375,0.875,1,4.5,10.625
19.17,0.625,0.625,0.75,4.125,9.25
19.18,0.5,1,1.375,2.625,20.375
19.19,0.625,1,1,2.375,10.75
19.2,0.25,0.875,0.75,0.875,12.25
19.21,0.5,1,0.875,1.25,7.875
19.22,0.25,0.875,1.5,1.125,5.625
19.23,0.125,0.375,0.875,1.125,6.75
19.24,0.125,0.25,1.875,0.75,10.125
19.25,0.375,0.25,1.875,1.25,7.875
19.26,0.25,0.375,4.125,0.875,11.5
19.27,0,0.5,18.5,1.375,8.5
19.28,0.125,0.25,88.875,0.625,11.75
19.29,0.25,0.75,3,2.25,6.625
19.3,0.625,0.625,3.25,5.25,10.5
19.31,0.25,0.75,2.75,66.625,9.375
19.32,0.625,1.75,2.75,23.25,9.5
19.33,0.125,1,1.125,4.25,8.375
19.34,0.875,1.625,1.625,3.375,12.875
19.35,0.25,0.75,0.625,5.75,9.5
19.36,0.125,0.875,0.75,3.75,9.25
19.37,0.25,1,1.125,4.125,11.125
19.38,0.625,1.125,0.75,2.875,7.125
19.39,0.25,0.125,1.125,3.5,7
19.4,0.375,0.875,1,2,8.25
19.41,0.25,1.5,1,2.375,8.75
19.42,0.375,1.625,0.25,1.25,6.75
19.43,0.125,1,0.25,1.75,7.25
19.44,0.125,0.625,0.25,1.125,6.625
19.45,0.375,0.875,0.375,0.375,9.125
19.46,0.375,1.75,1.125,2.125,6.25
19.47,0.125,1.375,0.625,2.125,5.125
19.48,0.375,1,1.375,3.125,7.75
19.49,0.25,0.25,0.625,1.625,5.375
19.5,0.125,0.875,0.875,3,8.375
19.51,0,1,0.75,4,11.125
19.52,0,0.875,0.625,8.875,18.125
19.53,0.625,0.5,1.125,70.75,13.625
19.54,0.25,1.5,1.75,5,6.25
19.55,0.625,0.75,5.625,5,10
19.56,0.5,0.875,109.62,6.25,8.5
19.57,0.25,0.875,0.875,3.75,9.125
19.58,0.5,0.75,2.125,1.875,8
19.59,0,0.5,2.375,2.375,7
19.6,0.25,0.125,2.125,2.5,10.375
19.61,0.125,0.875,1.125,0.75,6.25
19.62,0.375,1.5,1.125,2.25,9.875
19.63,0.625,1.125,1,1.875,6.25
19.64,0.125,0.75,0.625,1.25,10
19.65,0.125,1.125,0.75,0.75,4.125
19.66,0.625,0.875,0.875,0.25,3.75
19.67,0.375,1.25,0.375,1.25,2.125
19.68,0.375,1.25,0.25,0.875,3.625
19.69,0.625,0.625,0.25,2,4.625
19.7,0.25,0.375,0.375,0.875,4.625
19.71,0.125,0.5,0.25,1.25,5.125
19.72,0,0.25,0.5,0.875,7.75
19.73,0.5,0.625,0.875,0.875,10.5
19.74,0.25,1,0.75,0.625,29.125
19.75,0.375,0.625,0.5,1.125,12.875
19.76,0.375,0.625,1.5,4.5,12.375
19.77,0.375,0.875,0.875,109.62,9.5
19.78,0.75,0.375,1.125,3.125,9.25
19.79,0.5,0.125,1,2.875,10.625
19.8,0.125,0.125,1.25,3.375,6.875
19.81,0.125,0.5,1.75,2.875,5.875
19.82,0.25,0.25,2.375,2.625,4.75
19.83,0.25,0.125,1.875,1.375,5.375
19.84,0.125,0.375,1.375,1.125,3.125
19.85,0.75,0.375,1.5,0.5,4.125
19.86,0.125,0.875,1.5,0.5,2.625
19.87,0.625,1.25,2.5,1.75,4.125
19.88,0.25,0.75,4.75,1.75,2.875
19.89,0.25,0.875,108.25,0.375,2.625
19.9,0.5,0.625,0.75,1.375,4
19.91,0.25,0.25,2.5,1,6.125
19.92,0.25,0.75,2.75,0.625,10.875
19.93,0.375,1.5,2,1.75,26.5
19.94,0.25,0.25,2.5,1.75,15
19.95,0,0.125,1.375,2,13
19.96,0,0.375,1.25,3.125,9.75
19.97,0.5,0.75,0.5,85.875,3.875
19.98,0.125,0.5,1,4.5,6.875
19.99,0.375,0.25,0.5,3.5,6.75
20,0.125,0,0.25,3.25,3.875
20.01,0.25,0.375,0.25,3.75,3.5
20.02,0.125,0.125,0.625,2.75,3.125
20.03,0,0,0.5,3.75,3.25
20.04,0.25,0.625,0.625,2.375,4.5
20.05,0.25,0.125,0.625,1.375,6.5
20.06,0.25,1,1.875,1.875,15
20.07,0.375,0.25,1.5,2,21.625
20.08,0.5,0.75,2.25,2,13.5
20.09,0.25,1.625,3.125,2.625,11.75
20.1,0.375,3.125,5.125,1,10.25
20.11,0.375,1.875,87.625,1.125,7.25
20.12,0.25,1,8.375,1.5,6.625
20.13,0.75,1.875,3.5,1.5,9.875
20.14,0.625,1.625,1.625,1.625,6.5
20.15,0.125,0.25,2.5,2.875,7.75
20.16,0.75,0.625,2.125,8,12.125
20.17,0.25,0.75,1.875,79.125,7.375
20.18,0.125,0.5,0.875,4.125,8.875
20.19,0.25,0.125,3.625,4.375,9.5
20.2,0.375,0.25,1.875,3.875,9.625
20.21,0.875,0.125,1.25,4.5,8.5
20.22,0,0.125,0.625,3.625,7.375
20.23,0.125,0.125,0.25,3,9.5
20.24,0.25,0.75,0.5,3,10.875
20.25,0.25,0.5,1.125,2.625,9.25
20.26,0.25,0.5,1,2.375,9.25
20.27,0.25,1.5,0.625,2.125,7.875
20.28,0.125,0.75,0.5,1.375,9.875
20.29,0.375,1.25,0.75,2,9.25
20.3,0.875,1.125,0.75,1.75,15.25
20.31,0.5,0.625,0.25,0.75,9.125
20.32,0.125,1.625,1,2.75,3.5
20.33,0.25,0.625,2.25,3.875,5.25
20.34,0.375,0.875,2.25,2.75,4.875
20.35,0.375,1.25,6.625,4.5,5.875
20.36,0.375,1,107.25,38.625,2.875
20.37,0.125,2,1.375,30.625,3.5
20.38,0.125,0.625,1.875,5.5,5.25
20.39,0.125,0.75,3.25,4.625,5.125
20.4,0.25,0.5,1.625,3.875,14.875
20.41,0.375,0.25,2.25,4.25,24.25
20.42,0.5,0.375,1.25,4.25,11.875
20.43,0.5,1,1.375,5.125,6.875
20.44,0.375,0.5,1,1.625,6
20.45,0.25,0.375,0.625,3,7.125
20.46,0.625,0.625,0.875,3.625,6.75
20.47,0,0.75,0.25,2.75,6.75
20.48,0.375,0.75,0.625,1.375,10.625
20.49,0.375,1,0.75,2.5,8.375
20.5,0.5,0.75,2.125,1.875,5.375
20.51,0.375,0.5,0.5,1.625,5.5
20.52,0.125,0.875,0.125,0.875,4.375
20.53,0.375,1.125,0.75,1.375,6.875
20.54,0.375,0.875,0.625,2.5,9.75
20.55,0.25,0.875,0.375,1,12.375
20.56,0.25,0.625,0.875,2.75,11.25
20.57,0.75,1.125,0.5,10.375,10.375
20.58,0.5,0.625,0.375,70.375,12.125
20.59,0,0.375,0.625,4.875,11.875
20.6,0,0.625,0.625,7.625,8.75
20.61,0.25,0.625,1.375,4.75,7.625
20.62,0.125,0.5,0.625,4,9.625
20.63,0,0.5,0.875,3.5,10.625
20.64,0.375,0.375,1.5,4.625,12.5
20.65,0.25,0.875,0.875,2.625,4.75
20.66,0.125,0.25,0.5,2.25,6.25
20.67,0.125,0.875,0.875,2.5,7.875
20.68,0.25,0.375,1,1.875,7.625
20.69,0.25,0.625,2.125,1.125,8.75
20.7,0.5,1.875,5.75,1.875,4.375
20.71,0.625,0.75,112.62,1.75,6.125
20.72,0.375,0.625,1.25,1.75,10
20.73,0.125,0.25,3.375,1.875,11.25
20.74,0.125,0.375,2.25,1.5,8.625
20.75,0.625,0.875,1.625,0.5,9.75
20.76,0,0.5,1.125,0.875,7.375
20.77,0.125,0,0.25,0.25,10.875
20.78,0.25,0.375,0.625,0.875,10.5
20.79,0.375,0.5,0.5,0.75,9.125
20.8,0.125,0.25,0.625,1.125,11.625
20.81,0.125,0.125,0.5,1,7.375
20.82,0.25,0,0.625,0.5,9.875
20.83,0.375,0.625,0.75,1.5,10.375
20.84,0.125,0.125,0.25,2.125,6.125
20.85,0.375,0.625,1.5,7,10.375
20.86,0.125,0.75,0.625,106.88,8.75
20.87,0.125,0.25,0.375,3.375,8.125
20.88,0.125,0.375,0.875,4.125,7.75
20.89,0.25,0.75,0.625,3.875,8.5
20.9,0.625,0.75,1.625,4,9
20.91,0.375,0.625,2.5,2.875,7.5
20.92,0.5,0.125,3.125,1.625,7.5
20.93,0.375,1,8.5,1.25,7.75
20.94,0.25,0.625,98,0.625,6.125
20.95,0.25,0.625,1.75,1,6.875
20.96,0.25,1.125,1.75,0.625,7.125
20.97,0.25,0.375,2.625,0.75,9.375
20.98,0.125,0.875,1.75,0.75,7.5
20.99,0,0.375,2.375,1.5,12.375
21,0.5,1.125,1.25,1.25,14.5
21.01,0.375,0.875,1.625,1.5,8.625
21.02,0.125,0.75,1.25,2.25,8.875
21.03,0.25,0.625,0.125,1.625,7.5
21.04,0.5,0.375,0.5,1.625,8.125
21.05,0.125,0.75,0.625,1.375,7.25
21.06,0.25,0.375,0.875,1.75,12.5
21.07,0.25,0.625,0.25,0.75,6.75
21.08,0,0.5,1,2.875,7.375
21.09,0.125,0.5,0.25,3.375,7
21.1,0.125,0.5,0.875,78.25,6.75
21.11,0.75,0.25,0.625,26.875,9.375
21.12,0.5,0.125,0.75,5,11.75
21.13,0.25,0.375,0.25,3.5,11.5
21.14,0.25,0.5,0.5,4.5,6.5
21.15,0.375,0.5,1.25,2.75,4.875
21.16,0.375,0.625,0.125,3.875,8.125
21.17,0.25,0.375,0.75,1.75,11.375
21.18,0.125,0.125,1.125,1,9.625
21.19,0,0,1.75,1.25,9.625
21.2,0,0.625,1.625,1.875,9.125
21.21,0.375,1.125,4,1.125,9.625
21.22,0.375,1.125,5,0.375,5.75
21.23,0,0.25,109.5,0.125,3
21.24,0.5,0,1.75,1,4.625
21.25,0.375,0.5,2.875,0.75,4.5
21.26,0.25,1,2,0.875,9
21.27,0.25,0.625,2.125,0.75,6.25
21.28,0.25,1.5,3.375,2.125,14.5
21.29,0.25,0.625,1,0.875,19.25
21.3,0.25,0.5,0.875,1.375,13.5
21.31,0.375,0.5,0.625,1.5,8
21.32,0.5,0.5,1.75,4.625,8.875
21.33,0,0.125,0.125,96.125,8.25
21.34,0.25,0.25,1,10.375,10.5
21.35,0,0.25,0.5,4.125,8.75
21.36,0.5,0.75,1,5.125,10.625
21.37,0.375,0.875,0.375,4.875,8.25
21.38,0.875,0.625,1.25,3,10.875
21.39,0.75,0.625,1.125,2.875,6.5
21.4,0.25,0.5,1.375,1.25,8.25
21.41,0.5,1.125,1.375,1.875,8.125
21.42,0.25,0.75,1.5,2.125,4.625
21.43,0.625,0.625,2.625,2.5,3.625
21.44,0.375,0.625,0.875,0.875,4.5
21.45,0.375,0.875,1.125,1.375,4.75
21.46,0.125,0.875,0.875,1.25,7.625
21.47,0.125,0.875,1,1.625,10.75
21.48,0.125,0.375,0.5,1.375,12.625
21.49,0.375,0.25,0.625,1.875,12.125
21.5,0.5,0.125,0.375,2.375,8.875
21.51,0,0,0.625,1.625,7.375
21.52,0,0.25,1.125,2.25,15.5
21.53,0.125,0.375,1.375,2.5,14.875
21.54,0.625,1,2.125,3.125,6.625
21.55,0.375,0.25,2.125,4.625,10.375
21.56,0.25,0.375,2,91.625,6.25
21.57,0,1.125,97.125,4,8.875
21.58,0.25,0.875,16.5,5.375,9
21.59,0.25,0.5,1.875,3.375,6.625
21.6,0.375,0.25,3.25,3.875,4.125
21.61,0.125,0.5,1.375,1.75,6.125
21.62,0.75,1.125,2,1.875,6.125
21.63,0.5,0.25,1.75,1.125,6
21.64,0.5,0.5,1.25,0.75,11.25
21.65,0.875,0.5,0.875,1.125,11
21.66,0.625,0.125,0.75,0.625,12.375
21.67,0.75,0.125,0.375,0.5,11.25
21.68,0.375,0.5,1.25,1,7.375
21.69,0.25,0.5,1.25,1.875,13
21.7,0.375,0.5,0.75,1,11
21.71,0.25,0.25,0.625,1.25,10.125
21.72,0.125,0.75,0.75,2.375,7.75
21.73,0.25,1,1.125,9.625,7.875
21.74,0.625,0.75,0.625,64,3.625
21.75,0.25,0.625,0.875,5.25,5.75
21.76,0.125,0.25,0.75,6.125,11.25
21.77,0.5,1.125,0.75,5.375,7.75
21.78,0.25,0.625,1.875,5.625,8.5
21.79,0,0.375,0.375,3.125,7.5
21.8,0,0.25,0.125,3,8.375
21.81,0.25,0.375,1.75,1.375,9
21.82,0.5,1.125,3.25,1.875,6.25
21.83,0.875,0.25,6,4.75,14.625
21.84,0.125,0.5,106.25,4.875,12.375
21.85,0.25,0.875,2.25,6.75,11.625
21.86,0.375,0.375,2.25,5.75,5.5
21.87,0.125,0.25,2.75,6.375,9.625
21.88,0.125,0.25,1.625,3.875,7.125
21.89,0.25,0.25,2.375,4.25,7.125
21.9,0.375,0.125,1,8.625,8.75
21.91,0.25,0.875,1.25,14.75,9.375
21.92,0.25,0.75,0.625,11.625,9.625
21.93,0.375,0.75,0.5,7.625,11.75
21.94,0.375,0.375,0.125,3.75,8.125
21.95,0.5,0.125,1,8.25,9.75
21.96,0.375,0.25,0,8.75,9.875
21.97,0.125,0,0.5,8.25,6.125
21.98,0.625,0.125,0.5,7,10.875
21.99,0.375,0.25,1.125,8.5,7
22,0.125,0.25,0.875,5.375,7.625
22.01,0,0.5,0.75,7.875,8.625
22.02,0.25,0.5,0.375,6.375,8.5
22.03,0,0.375,0.125,10.25,8.875
22.04,0.75,0.625,0.625,6.75,10
22.05,0.375,0.25,0.375,6.375,12.5
22.06,0.25,0.375,0.75,5.375,9
22.07,1,0.5,1.875,6.75,7.5
22.08,0.625,0.875,1,7,10
22.09,0.125,0.625,15.125,4.5,5.625
22.1,0.375,0.25,99.625,3.5,8.125
22.11,0.25,0.5,1.625,4,7.875
22.12,0.125,0.375,2.25,2,5.5
22.13,0.375,0.375,1.75,1.75,4.375
22.14,0.5,0.125,2.25,2.875,8.125
22.15,0.125,0.25,1.875,1.75,9.375
22.16,0.125,0.5,1,1.75,8.625
22.17,0.375,0,0.375,1.125,12.125
22.18,0.25,0.5,0.875,0.875,10.875
22.19,0.625,0.25,0.625,0.625,9.875
22.2,0,0,0.5,0.75,9.375
22.21,0.375,0.25,0.375,0.875,9.625
22.22,0.875,0.375,0.875,1.75,8.125
22.23,0.125,0.5,1.5,2.75,8.75
22.24,0.5,0.375,0.5,107,9
22.25,0.125,0.625,1,3.875,10.125
22.26,0,0.5,0.75,3.125,5.125
22.27,0.125,0.125,0.75,3.125,9.25
22.28,0.75,0.375,0.875,2.75,8.625
22.29,0.125,0.5,0.375,3.75,10.25
22.3,0.25,0.375,0.75,2.125,11.125
22.31,0.125,0.125,0.375,1.125,6.875
22.32,0,1,1,1.5,7.625
22.33,0.25,0.125,0.125,1.375,11.5
22.34,0.375,0.375,0.875,0.875,11.25
22.35,0.125,0.125,1.125,1.25,8.625
22.36,0.25,0.875,2,0.75,12
22.37,0.125,1.375,0.875,1.625,5.125
22.38,0.125,0.75,2.625,1.125,7.375
22.39,0.375,0.375,5.5,1.125,6
22.4,0.25,0.25,108.5,0.5,7.375
22.41,0.875,0.75,1.75,0.75,5.75
22.42,0.5,0.875,2,1.5,9.25
22.43,0.375,0.375,3,1.125,16.25
22.44,0.375,0.25,2.5,2,10.125
22.45,0.25,0.875,1.625,4.75,7.625
22.46,0.375,0.75,1.75,99.375,9
22.47,0.25,0.875,0.375,3.5,10.25
22.48,0.25,0.5,0.5,4.375,7.875
22.49,0.125,0.125,0.5,3.375,9
22.5,0.125,0.75,1.125,3.875,7.375
22.51,0.25,0.125,0.75,3.75,9
22.52,0.375,0.375,0.375,2.875,8.5
22.53,0.375,0.25,0.25,2.25,11.875
22.54,0.625,0.375,0.625,1.25,11.625
22.55,0.25,0.75,0.875,1.125,10.125
22.56,0.375,0.5,0.75,1.625,7.375
22.57,0.5,0,0.625,1.25,7.25
22.58,0.625,0.625,1.375,1.375,7.5
22.59,0.5,0.375,1,1.625,10.75
22.6,0.375,0.625,1.125,2.5,12.125
22.61,0,0.625,0.75,1.875,12.5
22.62,0.25,0.375,0.25,2.5,5.5
22.63,0.125,0.375,0.75,5.5,6.625
22.64,0.125,0.375,0.75,31.125,9.625
22.65,0,0,1.25,26.5,4.875
22.66,0,0.5,1.5,6.125,3.875
22.67,0,0.5,3.5,4.5,8.5
22.68,0.625,0.25,112.75,9.875,13.125
22.69,0.375,0.375,1.375,6.25,8.25
22.7,0.25,0.125,2.125,4.25,9.375
22.71,0.5,0.125,2.375,6.75,9.875
22.72,0.125,0.25,2.25,4.875,9.25
22.73,0.75,1,1.75,2.625,10.125
22.74,0.125,0.25,0.875,2.5,9.375
22.75,0.5,0.75,1.375,3.5,12.75
22.76,0.375,0.375,1,1.5,8.5
22.77,0.125,0.5,1.125,3,10.125
22.78,0,0.875,0.375,2.25,6.75
22.79,0,0.25,0,1.375,7.625
22.8,0.25,0.75,0.25,1.25,6.25
22.81,0.25,0.125,0.25,1.875,11.5
22.82,0.25,0.375,0.25,2.875,9.5
22.83,0.125,0.75,0.875,1.75,7.75
22.84,0.5,0.75,1.25,1.75,5.5
22.85,0.5,0.25,0.875,2.375,12.625
22.86,0.25,0.75,0.25,1.75,6.75
22.87,0.25,0.5,0.625,2.75,10.5
22.88,0.375,0.5,0.375,1.375,10.25
22.89,0,0.625,0.25,0.75,7.625
22.9,0.125,0.375,0.25,0.75,9.25
22.91,0.625,0.25,0.25,3.75,6.375
22.92,0.25,0.625,0.375,3.625,7.5
22.93,0.375,0.75,0.625,106.12,6
22.94,0.125,0.5,0.375,6.125,3.75
22.95,0.375,0.25,0.625,3.125,3
22.96,0.125,0.875,4,4.75,2.875
22.97,0.375,0.625,77.75,3.875,3.125
22.98,0.375,0.25,35.375,2.5,6.125
22.99,0,0.25,2,1.875,10.125
23,0.5,0.375,2,3,28
23.01,0.125,0.625,1.75,1.75,18.5
23.02,0.25,0.125,1.75,1.75,9.25
23.03,0.75,0.5,1,2.25,9.375
23.04,0.5,0.125,0.75,1.625,7
23.05,0.375,0.5,1.25,2.375,7.25
23.06,0.25,0.625,0.25,1.75,7.625
23.07,0.5,0.375,0.125,3,9
23.08,0.375,0.125,0.5,3.5,4.625
23.09,0.25,0.25,1,10.75,4.125
23.1,0.5,0.375,0.625,11.75,8.375
23.11,0.125,0.625,0.375,26.75,8.5
23.12,0.375,0.75,1.375,12,13.375
23.13,0.125,0.125,1.125,8.75,14.125
23.14,0.5,0.5,3.25,7.75,8.375
23.15,0.25,0.625,1.25,3.125,6.375
23.16,0.375,0.75,2.125,2.75,10.75
23.17,0.125,0.375,1,2.25,9.375
23.18,0.5,0.25,1.75,1.25,5
23.19,0.5,0.75,1.875,1.5,5.875
23.2,0.5,0.5,0.625,1.75,6
23.21,0.375,0.25,1.25,2,5.375
23.22,0.125,0.25,2.125,2.625,4.875
23.23,0.375,0.25,1,3.375,4.875
23.24,0.25,0.25,1.5,6,6.625
23.25,0,0.25,1.75,8.75,6.875
23.26,0.125,0.125,1.75,35.125,17
23.27,0.25,0.5,1.625,10.5,17.875
23.28,0.125,0.375,6.25,7.5,13.875
23.29,0.375,0.125,109.12,6,7.875
23.3,0.5,0.75,1.5,6.5,9.875
23.31,0.5,0.625,2.375,4.75,7.25
23.32,0.5,0.25,1.625,1.875,7.375
23.33,0.25,0.625,3.375,3.625,8
23.34,0.25,0.25,2.125,3.25,6.5
23.35,0,0.25,2,3.125,4.75
23.36,0.25,0.5,1.375,1.375,5.75
23.37,0.625,0.5,1.125,2.5,5.375
23.38,0.375,0.375,1.125,1,5
23.39,0.25,0.125,0.25,1.375,6.75
23.4,0.125,0.5,0.5,2.375,13
23.41,0.25,0.625,0.5,1.125,11.875
23.42,0.25,1,0.875,1.375,9.25
23.43,0.25,0.25,1,0.5,13
23.44,0.375,0.5,0.5,0.625,8.125
23.45,0.375,1.125,0.75,1,11.5
23.46,0.5,0.375,0.5,0.625,7.625
23.47,0.375,0.25,0.375,1.125,7.75
23.48,0.25,0.375,1.5,5,13.75
23.49,0.25,0.125,1.25,108.5,9.625
23.5,0,0.5,0.25,2,4.375
23.51,0.375,0.25,0.125,3.625,8
23.52,0.125,0.625,0.75,4.25,4.875
23.53,0.5,0.25,0.25,2.625,6.125
23.54,0.5,0.875,2.5,4.75,8.25
23.55,0.25,0.625,1.875,3.25,6.75
23.56,0.125,0.625,1.625,2.75,6.75
23.57,0.5,0.375,0.75,1,10
23.58,0,0.5,0.625,0.875,11.25
23.59,0.25,0.625,1.25,1,11
23.6,0.375,0.375,1.625,1,14.625
23.61,0.625,0.75,1.5,1.875,10.5
23.62,0.125,0.75,109.25,1.5,9.5
23.63,0.25,0.75,3.125,2.625,5.75
23.64,0.5,0.625,2,1.5,8.75
23.65,0,0.125,1.5,1.25,8.125
23.66,0.25,0.375,3.25,3.5,8.375
23.67,0,0.75,1.75,4.25,11.75
23.68,0.75,0.75,1.5,23.875,11.375
23.69,0.375,0.125,1,47.25,8.375
23.7,0.375,0.875,2.5,7,6.625
23.71,0.25,0.75,1.625,4.375,9.875
23.72,0.125,0.625,0.125,4.25,8.375
23.73,0.375,0.75,0.75,2.875,7.75
23.74,0.875,0.625,0.75,3.375,9
23.75,0.125,0.375,0.5,3.375,5.125
23.76,0,0.75,0.75,3.875,7.125
23.77,0.25,0.125,0.5,2.875,8.5
23.78,0.25,0.875,0.125,1.875,11.625
23.79,0.125,0.375,0.5,2.75,7.5
23.8,0.375,1,0.625,1.5,11.125
23.81,0,0.375,0.5,4.25,7.5
23.82,0.125,0,0.375,2.25,8.75
23.83,0,0.375,0.875,5.625,8.75
23.84,0.125,0,0.625,6,9.25
23.85,0,0.375,0.5,16,6.75
23.86,0.125,0.875,1.625,26.125,10.875
23.87,0.125,0.75,1.375,12.875,8.25
23.88,0.5,0.375,1.5,7.875,8.75
23.89,0.25,0.5,17.375,6.75,6.875
23.9,0.25,0.125,96.25,4.875,6.75
23.91,0.5,0,2.375,4,3.75
23.92,0.375,0.5,2.375,2.875,4.625
23.93,0.375,0.5,3.25,1.125,5.5
23.94,0.375,0.875,1.875,1.75,5.75
23.95,0.75,0.625,1.625,1.75,5.625
23.96,0.125,0.25,2.25,1.875,7.125
23.97,0.25,0.5,1.375,3.375,9
23.98,0.125,0.125,1.125,1.125,14.75
23.99,0.375,0.375,1.25,2.625,17.625
24,0.75,0.5,0.875,2.625,9
24.01,0.25,0.625,1.25,1.75,10.25
24.02,0,0.625,0.875,3.125,12.75
24.03,0.125,0.375,0.375,4.625,3.375
24.04,0.625,0.375,0.375,73,6.625
24.05,0.375,0.875,0.375,12.625,5
24.06,0.125,0.875,0.375,4,4.75
24.07,0.25,0.625,0.625,4.25,5.875
24.08,0.375,0.5,0.25,2.875,7.5
24.09,0.5,0.25,0.25,4.75,9.75
24.1,0.5,0.5,0.375,3.875,6.375
24.11,0.375,0.25,0.5,5.75,11.125
24.12,0.125,0,0.125,4.125,17.375
24.13,0.125,0.125,0.25,5.875,11.125
24.14,0,0,0.625,5.875,10.5
24.15,0.125,0.375,0.75,5.125,5.75
24.16,0.375,0.625,0.875,3.375,7.375
24.17,0.75,0.125,1.875,4.125,10.25
24.18,0.375,0.375,1.125,4.875,9.625
24.19,0.375,0.625,1.75,7.375,9.5
24.2,0.125,0.5,1.5,3.75,8.625
24.21,0.25,0,2,6.5,7.5
24.22,0.25,1.125,1.125,6.5,8.625
24.23,0.125,0.625,1.75,4.25,5.625
24.24,0.125,0.5,1,3.75,9.625
24.25,0.375,0.75,2.75,14.875,11.5
24.26,0.375,1.5,10.25,9.875,6.75
24.27,0.5,0.25,103.5,13.25,8.25
24.28,0.5,0.75,3.125,13.125,10.25
24.29,0.375,1,2.125,8.75,9.125
24.3,0.5,0.625,1.875,2.625,7.375
24.31,0.25,0.5,2.125,8.75,17.25
24.32,0.25,0.5,2.125,8.625,7.625
24.33,0.5,0.75,1.75,4.5,7.875
24.34,0.5,0.125,1.25,5.75,12.375
24.35,0.375,0.75,1,9.875,9
24.36,0.25,0.125,0.625,7.75,7.25
24.37,0.125,0.25,0.5,6.375,10.5
24.38,0.375,0.375,0.5,6.875,4.875
24.39,0.25,0.5,0.125,8.25,6.375
24.4,0.25,0.375,0.5,5.375,6.25
24.41,0.5,0.375,0.5,4.625,7.875
24.42,0.5,0.75,0.625,2.75,9.25
24.43,0.5,1,0.75,2.375,9.75
24.44,0.25,0.75,0.875,2.625,7.5
24.45,0.125,1,0.875,3,7
24.46,0.125,0.375,1,2.25,8.25
24.47,0.25,0.625,0.875,0.875,9.375
24.48,0.375,0.25,0.875,2,14.375
24.49,0.5,0.625,2,5.625,13.875
24.5,0.25,0.75,5.5,17.375,7.875
24.51,0.25,0.875,105.5,43,7.875
24.52,0.5,0.5,2,7.125,8.125
24.53,0.25,0.5,3.5,3.5,6.125
24.54,0.375,0.375,1.875,4.375,9.5
24.55,0.25,0.25,2,3.625,9.5
24.56,0.125,0.5,1.125,2.375,6
24.57,0,0.25,1.375,2,7.375
24.58,0.25,0.125,0.875,3.375,8
24.59,0.125,0.125,0.5,3.625,8.75
24.6,0.125,0.5,0.5,3.375,11.25
24.61,0.375,0.5,0.625,2.125,9.375
24.62,0.125,0.625,0.5,3.125,9
24.63,0.125,0.25,0.5,1.625,8.625
24.64,0.125,0.125,0.125,1.125,7
24.65,0.125,0.125,0.625,1.75,8
24.66,0.375,0.25,0.625,1.875,9.5
24.67,0.375,0,0.375,1.875,11
24.68,0.125,0,0.25,3.625,9.625
24.69,0.375,0.875,0.5,39.5,8.125
24.7,0.375,0.625,0.75,38.25,9.625
24.71,0.125,0,0.5,4.875,8.625
24.72,0.375,0.875,0.75,5,9.375
24.73,0.875,1.25,1.875,4.5,9.125
24.74,0.875,1.375,1.125,4.75,10.125
24.75,0.75,0.625,1.5,4.125,5.375
24.76,0.375,0.125,1.5,2,8
24.77,0.625,0.375,0.5,1.75,5.875
24.78,0.625,0.25,0.5,0.75,12.25
24.79,0,0.125,0.75,1.5,7
24.8,0.5,0.875,0.875,1.375,11.625
24.81,0.125,0.25,1.75,0.75,14.375
24.82,0.375,0.625,1.625,0.875,8.375
24.83,0,0,2.75,1,6.5
24.84,0.125,0.375,20.875,1.75,6.5
24.85,0,0.125,91.625,2.5,11.625
24.86,0.125,0.125,1.875,0.375,7.375
24.87,0.375,0.25,1.75,1.5,5.75
24.88,0.5,0.25,2.5,2.5,7.625
24.89,0.125,0.375,1.875,1.25,8.75
24.9,0.25,0.5,2.875,1.875,11.75
24.91,0.375,0.625,1.375,3.25,10.5
24.92,0.125,0.125,0.75,24,9.875
24.93,0.125,0.5,0.875,84.625,12.125
24.94,0.625,1.125,1.375,3.875,6.5
24.95,0.125,0.25,1.5,3.125,9.5
24.96,0.625,0.125,0.375,2.375,7.875
24.97,0.125,0.5,0.5,3.25,7.625
24.98,0.375,0.125,0.5,2.875,12.75
24.99,0.375,0.5,0.375,2,8.875
25,0.5,0.625,1.25,1.75,5.25
25.01,0.5,0.5,1.125,1.875,4.5
25.02,0.625,0.375,0.5,2.75,7
25.03,0.25,0.125,1.375,1.125,9.125
25.04,0.125,0.625,2.75,1.875,8.25
25.05,0.25,0.25,1.125,1.5,7.375
25.06,0.5,0.5,2.125,0.875,12.125
25.07,0.625,0.25,2.5,1.25,7.875
25.08,0.375,0.25,4.25,1.625,9.75
25.09,0.375,0.25,4.875,0.875,12.25
25.1,0.375,0.25,99.875,1.25,9.75
25.11,0.125,0.125,2.75,2.125,4.625
25.12,0.25,0,2.5,2,6.375
25.13,0.375,0.5,2.875,1,5.25
25.14,0.25,0.5,1.875,2.625,4.375
25.15,0.375,0.375,1.75,8.75,4.625
25.16,0.5,0.375,0.875,97.625,3.125
25.17,0.625,0.5,1.375,3.375,3.25
25.18,0.5,0.5,0.875,4.25,5.75
25.19,0.125,0.25,0.5,3.375,17.5
25.2,0.125,0.5,0.375,3.875,14.375
25.21,0.125,0.5,0.375,2.375,5.625
25.22,1,1.125,0.625,2.125,13.875
25.23,0.375,0.875,1.625,2.25,12.125
25.24,0.25,0.875,0.75,2,10
25.25,0.875,0.625,0.625,2.875,7.875
25.26,0.25,0.125,2,1.75,10.5
25.27,0.125,0.875,1.625,1.625,10.375
25.28,0.125,0,0.75,0.75,6.75
25.29,0.625,0.5,1.375,1.5,4
25.3,0.5,0.625,1.125,1.875,4.625
25.31,0.375,0,2,2.5,7
25.32,0.25,0.375,5.25,4.875,4.625
25.33,0.375,0.5,19,8,8.125
25.34,0.25,0.25,83,37.25,9
25.35,0,0,2.75,14.75,10.625
25.36,0.25,0.5,2.5,7,9.125
25.37,0.25,0.375,2.375,5,7.875
25.38,0.625,0.875,1.625,7.75,11.375
25.39,0.375,0.625,1.875,4.25,16.375
25.4,0.375,0.375,1,3.875,5.25
25.41,0.125,0.375,0.875,3.875,9.375
25.42,0.25,0.125,0.875,2.25,7.5
25.43,0,0.125,0.875,1.75,11.75
25.44,0.125,0.375,0.5,1.125,10
25.45,0.5,0.375,1.5,1.25,8.625
25.46,0.125,0.125,0.375,3.5,11.125
25.47,0.125,0.25,0.5,3.5,9
25.48,0.125,0.25,0.75,10.125,9
25.49,0.25,0.125,0.5,23.125,6.5
25.5,0.125,0.5,1.25,15.625,5.5
25.51,0.125,0.5,1.25,13.75,7.625
25.52,0.625,0.5,2.25,6,5.5
25.53,0.5,0.625,2.125,7.25,10.125
25.54,0.5,0.625,1.25,6.25,9.5
25.55,0.125,0.625,0.75,5,7.75
25.56,0.25,0.625,1.25,3.5,7
25.57,0.125,0.625,1,3.125,11.375
25.58,0.375,0.375,0.875,3.5,11.25
25.59,0.125,0.375,1.25,4,12.5
25.6,0.5,0.25,1.25,2.375,6.375
25.61,0.125,0.5,0.375,3.25,8.25
25.62,0.25,0.25,1.125,2.5,6.5
25.63,0.25,0.25,0.5,1.625,9.5
25.64,0.375,0.875,0.875,3,7.625
25.65,0.125,0.875,0.75,3.875,8.625
25.66,0,0.5,1,10.25,10.75
25.67,0.125,1.125,0.125,22.5,8.125
25.68,0,0.375,0.25,37,5.25
25.69,0.125,0.25,0.75,6.875,5.25
25.7,0,0.25,0.5,3.5,6.375
25.71,0.25,0.375,0.125,2.75,5.75
25.72,0.375,0.25,0.625,1.5,4.375
25.73,0.5,0.25,0.5,2.625,4
25.74,0.375,0.125,1,1.375,3.375
25.75,0.125,0.125,6.5,2.125,6.25
25.76,0.5,0.375,108.38,2,4
25.77,0.125,0.625,1.375,1.375,12.5
25.78,0.375,0.375,2.25,1,20.625
25.79,0.625,1.25,2.75,2.25,9.5
25.8,0.5,0.5,2.5,2.375,6.875
25.81,0,0.25,1.75,1.25,15.25
25.82,0.375,0.5,1,1.25,13.625
25.83,1.125,0.125,1.625,3.875,8.375
25.84,1,0.25,0.625,10.125,10.625
25.85,0.125,0.25,0.25,61.125,6.25
25.86,0,0.125,0.875,7,5
25.87,0.5,1.125,0.875,6.25,8
25.88,0.25,0.625,1.125,5,3.75
25.89,0.625,0.5,0.375,3.25,5.375
25.9,0.25,1,0.875,7,3.875
25.91,0.375,0.5,0.875,5.625,9.75
25.92,0.25,0.5,1,5.875,14.375
25.93,0.375,0.875,0.375,2.5,10.625
25.94,0.375,0.5,1.5,2.75,11.5
25.95,0.5,0.25,0.75,1.25,12.875
25.96,0.75,0.25,1.75,2,12
25.97,0.25,0.75,0.875,1.875,6.125
25.98,0.25,1.125,1.75,3.375,7.375
25.99,0.375,0.375,0.375,1.25,9.375
26,0,0.375,1.375,1,8.25
26.01,0.375,0.125,4.5,1.875,9.375
26.02,0.125,0,6.875,0.625,7
26.03,0.375,0.125,105.62,1.25,7.625
26.04,0.375,0.375,1.875,1,7.25
26.05,0.25,0.5,2.875,2.5,9.25
26.06,1.25,0.625,2.125,10,9.375
26.07,0.125,1,3.125,87.75,10.625
26.08,0.375,0.625,2.75,3.375,7.875
26.09,0.125,0.5,1.5,3.625,10.5
26.1,0.25,0.375,1,2.75,11.625
26.11,0.25,0.625,0.5,3.875,8.125
26.12,0.375,0.625,0.75,2.375,8
26.13,0.625,0.625,0.375,2.5,13.625
26.14,0.375,0.375,0.875,1.75,6.625
26.15,0.125,0.625,0.75,1.625,7
26.16,0.25,0.125,0.5,0.875,11.125
26.17,0.375,0.125,0.25,1.25,6.25
26.18,0.25,0.25,0.625,1.125,8.875
26.19,0.125,0.5,0.125,1,8.25
26.2,0.625,1,1.375,2,10.375
26.21,0.75,0.5,1,1.5,5.875
26.22,0.125,0.5,0.625,2.625,5.375
26.23,0.25,0.25,0.375,4.875,7.25
26.24,0.25,0.625,0.5,3.375,13.625
26.25,0.125,0.375,0.25,3.25,7.125
26.26,0.25,0.375,1,10.125,6.75
26.27,0.375,0.5,0.75,57.75,9.125
26.28,0.625,0.25,0.5,10.25,6.875
26.29,0.375,1,0.125,8.75,5.375
26.3,0.125,0.5,0.875,4.375,12.5
26.31,1,0.375,0.25,3.125,7.25
26.32,0.25,0.375,1.375,6.5,13
26.33,0.5,0.25,1,3.875,11
26.34,0.375,0.375,2.625,3,8.875
26.35,0.625,0.75,3.25,2.25,4.5
26.36,0.125,0.25,111.62,2.125,11
26.37,0.5,0.625,0.875,3,8.875
26.38,0.125,0.75,2.125,3.5,10.625
26.39,0.625,0.375,3.25,2.5,11.125
26.4,0,0.625,1.625,1.875,5.5
26.41,0.25,0.625,1.5,4,5.5
26.42,0.25,0.75,1.25,8,6.125
26.43,0.375,1,1.5,22.125,4.375
26.44,0.75,0.75,0.375,18.375,8
26.45,0.25,0.75,0.875,13.875,6
26.46,0.125,0.875,0.125,6.5,13.75
26.47,0.125,0.375,0.5,5.375,9.125
26.48,0.125,1,1.25,5.375,12.625
26.49,0.25,0.25,0.25,4,8.75
26.5,0.125,0.5,0.75,3.875,9.625
26.51,0.5,0.5,0.375,3.125,7.25
26.52,0,0.5,0.75,1.75,6.25
26.53,0.125,0.125,0.625,2.5,6.25
26.54,0.125,0.25,0.5,2.75,9.5
26.55,0.25,0.375,0.25,1.25,5.5
26.56,0.125,0.75,0.625,0.75,9.125
26.57,0.125,0.75,1.25,0.25,11.875
26.58,0.375,0.375,0.625,1.625,5.25
26.59,0.125,0.375,0.625,1,11.5
26.6,0.125,0.75,0.5,0.625,9.75
26.61,0.25,1,0.875,1.5,6.125
26.62,0.375,0.625,1,0.875,5.75
26.63,0.625,0.625,1.5,1.25,7
26.64,0.25,0.625,2.125,2.125,3.625
26.65,0.375,0.25,0.875,2.875,6.5
26.66,0.25,0.625,1.125,90.625,8.5
26.67,0.375,0.25,1.625,16.375,8.5
26.68,0.25,0.625,0.5,4.625,17.125
26.69,0,0.625,1.125,3.125,8.875
26.7,0.625,0.375,7.375,2.375,9.875
26.71,0.25,0.125,110.38,3.875,8.125
26.72,0.25,0.25,2,2.625,8.75
26.73,0.375,0.25,2.625,2.375,8.625
26.74,0.375,0,1.625,1.875,9.375
26.75,0.625,0.5,2,1.75,8.75
26.76,0.375,0.25,1.875,1.375,10.625
26.77,0.5,0.5,1.25,2.75,7.875
26.78,0.25,0.375,0.875,1.625,9.875
26.79,0.125,0.75,1.25,1.625,6.625
26.8,0.125,0.25,1.125,1.375,10.625
26.81,0.5,1.125,1.125,1.875,9.5
26.82,0.375,0.5,0.625,1,7.375
26.83,0.875,0.25,0.75,1.75,9
26.84,0,0.125,1.125,1,9.375
26.85,0.5,0.75,0.625,2.5,8.75
26.86,0.375,0.125,0.625,0.375,6.25
26.87,0.25,0.125,1,2.25,11.125
26.88,0.125,0.5,1.625,1.875,7.625
26.89,0.125,0.375,0.875,1.25,7.125
26.9,0.375,0.625,1.125,6.625,9
26.91,0,0.5,1.875,100.5,10.75
26.92,0.375,0.75,2.5,2.75,13
26.93,0.25,0.125,6,4.5,6.875
26.94,0.25,0.625,90.25,4,14.625
26.95,0.5,0.125,5.625,3.625,7.875
26.96,0.625,0.375,3.5,3.5,8.875
26.97,0,0.125,2,3.625,7.75
26.98,0.625,0.625,2.875,2.375,7.875
26.99,0.625,0.75,2.125,1.375,8.125
27,0.25,0.5,1.375,1.375,5.875
27.01,0.25,0.5,0.5,1.25,4.125
27.02,0.5,0.375,0.5,0.5,5.875
27.03,0.25,0.125,0.25,1.125,4.75
27.04,0.375,0.875,0.875,1,5.625
27.05,0,0.125,0.125,1.625,6
27.06,0.5,0.875,1.5,1.5,8.25
27.07,0,0.625,0.5,0.875,14.875
27.08,0.125,0.25,1,0.5,18.75
27.09,0.125,0.625,0.625,1.5,10.375
27.1,0.25,0.75,1.125,1.25,10.125
27.11,0.25,0.625,0.875,2.5,7.125
27.12,0.25,0.5,1.125,3.375,11
27.13,0.375,0.5,0.625,98.125,6
27.14,0,1.125,0.375,3.625,7.125
27.15,0.125,0.75,1.625,4,7.875
27.16,0.375,0.625,0.875,3.5,4.875
27.17,0,0.375,3.375,4.625,11.75
27.18,0,0.5,20,3,8.625
27.19,0.375,0.625,92.625,2.875,10
27.2,0,0.25,1.375,0.875,9.5
27.21,0.5,0.625,1.875,1.75,8.5
27.22,0,0.125,1.875,0.375,9.75
27.23,0.375,0.625,3.125,1.25,6
27.24,0,0.25,2.625,0.625,12.625
27.25,0.5,0.875,1,0.5,10.5
27.26,0.125,0.25,0.375,0.375,9.25
27.27,0.25,0.625,0.75,0.5,9.5
27.28,0.125,0.5,0.75,1,4.5
27.29,0.625,0.625,0.875,0.875,5.5
27.3,0.125,0.375,0.625,0.5,5.875
27.31,0.25,0.125,0.25,1.25,8.875
27.32,0.5,0.25,1,1,10.125
27.33,0,0.5,0.75,1,10.625
27.34,0.125,0.125,0.375,1,10.75
27.35,0.375,0.125,0.125,1.5,7.375
27.36,0,0.375,0.25,1.25,7
27.37,0.125,0.25,0.625,3.75,10.5
27.38,0.75,0.375,1,107.88,10.5
27.39,0.25,0.375,1.125,4.125,6.5
27.4,0.25,0.25,1.125,3,7.625
27.41,0.375,0.375,1,4.25,6.875
27.42,0.5,0.125,0.875,3.5,8.625
27.43,0.375,0.625,0.5,2.375,13
27.44,0.25,1.125,1,2.125,7.625
27.45,0.5,0.25,2.125,1.75,13.375
27.46,0.25,0.75,3.875,2.25,11.875
27.47,0.75,1,109.75,1.625,8.375
27.48,0.25,0.125,1.625,1.125,8
27.49,0.5,0.875,3,1,11.125
27.5,0.25,0.25,2.125,1.875,6.5
27.51,0.25,0.625,2.875,2,7.5
27.52,0.25,0.375,1.875,0.625,10
27.53,0.375,0.25,1.25,0.75,6.625
27.54,0.75,0.5,0.5,1.75,7.25
27.55,0.25,0.125,0.75,1.5,4.25
27.56,0.25,0.125,0.375,1.375,6.75
27.57,0.125,1,0.375,2.875,9.25
27.58,0.25,0.125,0.125,5,6
27.59,0.5,0.5,1,30.375,9.125
27.6,0.625,0.25,0.125,48.25,9.625
27.61,0.75,1,0.75,4.25,8.75
27.62,0.25,0.625,1.25,5.875,10.5
27.63,0.125,0.625,0.25,5.875,10.5
27.64,0.5,0.375,0.5,3.125,9.25
27.65,0.125,0.5,0.75,3.125,9.875
27.66,0.375,0.25,0.375,1.625,9.5
27.67,0.125,0.625,0.375,1.125,11.125
27.68,0.25,0.5,1.25,0.375,10.375
27.69,0.375,0.25,0.25,0.875,11.375
27.7,0.375,0.625,3.875,0.875,6.125
27.71,0.625,0.25,3.125,1,5.625
27.72,0.875,1.125,4.25,1.5,7.5
27.73,0.125,0.25,106.5,2.5,5.25
27.74,0.125,0.375,1.625,3.625,11.875
27.75,0,0.625,3.375,10.75,13.375
27.76,0.25,0.125,2.625,63.75,9
27.77,0.25,0.375,3.25,5.125,8.625
27.78,0.125,0.25,0.5,5.125,5
27.79,0.25,0.25,1.625,8.25,11.625
27.8,0.25,0.25,1,3.625,7.375
27.81,0.375,0.125,0.5,4.75,11.5
27.82,0.125,0.375,0.75,3.125,12.25
27.83,0.5,0.75,1.125,4.125,6.375
27.84,0,1,1.5,3.375,8.125
27.85,0.375,0.25,0.5,2,7.125
27.86,0,0.625,0.375,4.125,9.25
27.87,0.5,0.25,1.375,2.375,8.125
27.88,0.625,0.75,0.25,1.75,7.375
27.89,0.625,1,1,3.125,9.125
27.9,0.5,0.625,1.125,1.875,11.25
27.91,0.5,0.5,1.125,2.5,11.125
27.92,0.375,0.75,0.75,1.625,12.5
27.93,0.125,0.375,0.375,2.5,6.25
27.94,0.125,0.25,1.25,14.875,8.75
27.95,0.125,0.125,0.125,38.625,4
27.96,0.5,0.125,1,11,7.875
27.97,0.375,0.125,0.625,6,7.75
27.98,0.125,0.375,1,7.5,12.375
27.99,0.125,0.5,0.5,5.375,9.625
28,0.25,0.375,0.5,4.625,9.125
28.01,0.5,0.25,0.375,5.625,6.25
28.02,0.25,0.875,0.625,7,12
28.03,0.25,0,0.25,3.375,6.25
28.04,0.375,0.375,0.25,2.875,8.5
28.05,0,0.625,0.25,1,8.625
28.06,0.25,0.75,0.125,1.625,11.625
28.07,0.125,0.875,0.25,1.25,6.25
28.08,0.125,0.375,0.875,1.375,12.125
28.09,0.5,0.125,0.25,1.25,10.25
28.1,0.375,0.5,2,1.875,4.125
28.11,0,0.125,1.375,0.5,7.25
28.12,0.5,0.875,54.625,1.125,9.625
28.13,0.375,0.5,56.25,0.625,8.5
28.14,0.25,0.125,2,0.5,6.75
28.15,0.25,0.625,2.5,2.125,10.875
28.16,0.5,0.25,2.5,3.75,9.5
28.17,0.5,0,1.875,18.375,12.875
28.18,0.125,0.5,1.125,86.5,6.125
28.19,0.75,0.5,1,3.625,9.25
28.2,0.125,0.25,0.625,4.125,6.875
28.21,0.25,0.125,0.25,2.875,8.75
28.22,0.625,0,0.375,3.5,9.125
28.23,0,0.625,0.25,2.625,6.125
28.24,0.5,0,0.25,0.875,6.75
28.25,0,0.375,0.25,1.25,7.875
28.26,0.375,0.25,0.625,1.25,6.75
28.27,0.25,0.625,0.625,0.5,6.25
28.28,0.25,1.75,1,2.125,15
28.29,0.875,0.5,2.25,1,13.625
28.3,0.375,0.25,1,3,7.5
28.31,0.375,0.375,1.375,1.375,10.125
28.32,0.125,0.125,1.625,0.5,9.25
28.33,0.125,0.25,1.75,0.375,6.875
28.34,0.625,0.25,1.375,1.625,8.75
28.35,0.5,0.75,2.125,1.5,10
28.36,0.75,0.375,3.375,1.125,7
28.37,0.125,0.625,3.5,4,9.125
28.38,0.125,0.375,4.75,4.125,8.125
28.39,0.25,0.75,103.62,96.25,9.75
28.4,0.125,0.25,2.75,2.5,10.5
28.41,0.125,0.375,2,3.25,7.75
28.42,0.5,0.75,2.375,4.125,9.25
28.43,0.375,0.25,1.625,1.75,8.875
28.44,0.125,0.125,1.75,3.625,12.75
28.45,0.125,0.75,2.375,3.75,8.75
28.46,0.75,0.25,2,2.375,5.875
28.47,0.25,0.5,1.75,2.25,7
28.48,0.5,0.5,1.125,1.5,3.25
28.49,0,0.25,0.25,1.25,6
28.5,0.375,0.125,0.25,0.375,9.125
28.51,0.125,0.25,0.625,1.5,8.75
28.52,0.25,0.375,0.125,1.125,11.125
28.53,0.75,0.5,0,1,6
28.54,0.25,0.5,0.625,1.5,8.875
28.55,0.5,0.625,0.75,1.25,8.875
28.56,0.875,0.625,1.125,2.5,16
28.57,0.375,0.5,0.625,5.375,8.5
28.58,0.375,0.125,0.875,61.625,11.75
28.59,0.375,0.375,0.25,27.875,10.875
28.6,0.25,0.625,0.625,5.25,8.5
28.61,0.375,0.5,0.875,4.625,8.125
28.62,0.375,0.125,0.5,4,7.25
28.63,0.125,0,0.375,2.5,8.75
28.64,0,0.375,0.5,2,11.625
28.65,0.625,0.375,2,2.625,10.5
28.66,0.625,0.25,1.875,1.375,9.25
28.67,0.5,0.25,1.375,1.25,8.875
28.68,0.625,0.375,5.25,0.875,6.75
28.69,0.375,0.375,110.25,1,9.125
28.7,0.625,0.5,1,1.5,9.25
28.71,0.375,0.125,2.125,1,5.625
28.72,0.125,0.125,1.625,0.875,7.5
28.73,0,0.25,1.625,0.5,7.375
28.74,0.125,0.5,1.625,1.125,8.25
28.75,0.25,0.875,0.75,0.625,6
28.76,0.125,0.5,0.75,1.125,6.875
28.77,0.375,0.25,0.75,1.125,7.875
28.78,0.625,0.125,0.625,0.625,9.375
28.79,0.125,0.125,0.5,1.375,10.375
28.8,1,0.75,0.875,6.625,15.75
28.81,0.375,0.125,0.25,100.25,6.25
28.82,0.625,0.125,0.875,3.25,9.875
28.83,0.75,1,0.875,3.5,7
28.84,0.25,0.5,0.75,3.375,8.875
28.85,0.25,0.75,1,2,6
28.86,0.375,0.25,0.5,3.625,7.75
28.87,0,0.25,0.25,2.75,7.625
28.88,0.25,0.75,0.875,1.625,6.125
28.89,0.75,0.5,0.75,1.625,8.5
28.9,0.5,0.5,0.375,2.25,9.125
28.91,0.75,0.75,1.25,2.375,15.125
28.92,0,0.125,0.5,0.75,6.375
28.93,0.25,0.625,0.75,1,7.625
28.94,0.25,0.25,0.5,1,5.875
28.95,0,0.375,0.625,0.375,5.375
28.96,0.375,0.25,0.75,0.75,6.5
28.97,0.625,0.125,1.25,1,7.125
28.98,0.5,0.5,1.375,1.75,9.5
28.99,0,0.25,2.5,2.75,16.25
29,0.375,0.25,111.5,14.625,11
29.01,0,0.625,1.125,80.75,11.125
29.02,0.75,0.375,1.75,3.5,8.125
29.03,0.375,0.25,2.375,3.5,8.625
29.04,0.5,0.75,3.25,3.5,6.625
29.05,0,0.125,1.75,4.25,9.625
29.06,0.625,0.25,2.75,3.625,7.75
29.07,0.375,0.625,2.375,3,11.375
29.08,0.125,0.625,1.375,1.75,7
29.09,0.625,0.625,0.625,3,7.875
29.1,0.375,0.625,0.5,1.5,8.75
29.11,0.5,0.5,0.625,2.125,13.5
29.12,0,0.375,0.625,1,14
29.13,1.25,0.375,0.5,1.875,9.25
29.14,0.25,0.375,0.375,1.25,8.625
29.15,0.125,0.375,0.25,1,5.625
29.16,0.625,0.25,0.875,2.375,9.625
29.17,0.375,0.5,0.75,5.5,8.25
29.18,0.25,0.125,1.5,42.125,9.5
29.19,0.25,0.25,0.625,27.875,9.25
29.2,0.375,0.5,0.625,5.75,9.25
29.21,0.125,0.5,0,2.875,9
29.22,0,0,0.375,4.375,12
29.23,0.25,0.875,0.625,3.75,6
29.24,0.25,0.875,1.375,3,5.125
29.25,0,0.75,1.5,3.5,10.625
29.26,0.125,0.75,0.625,1,7.875
29.27,0.375,0.375,0.625,1.75,10.25
29.28,0.5,0.125,0.125,0.875,6.5
29.29,0.375,0.5,1.625,1.25,6.875
29.3,0.5,0.625,0.875,1.125,7.875
29.31,0.125,0.5,0.625,0.75,6.625
29.32,0.125,0.5,0.5,0.75,9.875
29.33,0.125,0.25,1.25,1.5,8.875
29.34,0.625,0.875,2,0.875,8.875
29.35,0.625,0.5,107.5,2.125,13.125
29.36,0.125,0.5,5.125,2.5,13.125
29.37,0.625,0.75,3.75,16.75,9
29.38,0.5,0.75,1.625,81.125,6.875
29.39,0.25,0.625,3.125,4.125,7.375
29.4,0.625,0.125,1.5,4.5,11.375
29.41,0,0.5,2.5,3.625,7
29.42,0.125,0.375,1.25,4,9
29.43,0.125,0.25,1,2.25,5.5
29.44,0.375,0.875,0.75,2.875,7.25
29.45,0.25,0.25,0.875,2.25,6.375
29.46,0.375,0.875,0.25,1.125,5.75
29.47,0.5,0.625,0.875,1.625,9.875
29.48,0.375,0.125,0.25,1.375,8.5
29.49,0.25,0.125,0.75,1.625,11.75
29.5,0.375,0.375,1.375,1.625,10.125
29.51,0.5,0.625,2.75,1.875,12.375
29.52,0.125,0.375,2.125,2.5,9.25
29.53,0.125,0.125,1.625,3.25,8.125
29.54,0,0,1.5,1.875,7.75
29.55,0.375,0.375,0.75,2.625,9.5
29.56,0.375,0.125,1.125,8.25,7.875
29.57,0.125,0.5,1,53.125,7.625
29.58,0.5,0.25,0.875,10.375,7.125
29.59,0.25,0.375,0.375,6.625,7.75
29.6,0.25,0.625,1.125,4.625,6.75
29.61,0.25,0.5,0.75,4.25,17.5
29.62,0.25,0.125,0.875,3.75,8.75
29.63,0.25,0.625,0.875,3,11.625
29.64,0.625,0.625,2.25,3.375,8.875
29.65,0.625,0,3,3.5,10.375
29.66,0.375,0.25,2.375,2.75,9.25
29.67,0,0.25,7.375,3.25,8.75
29.68,0.375,0.25,105.38,2.5,7.75
29.69,0.375,0.125,2.25,3.375,7.5
29.7,0.25,1,3.125,2.25,7.25
29.71,0.25,1,1.75,2.625,8.5
29.72,0.5,0.125,3.25,1.75,10.25
29.73,0.25,0.75,1.875,2.125,11.25
29.74,0.25,0.625,0.375,1.125,10.125
29.75,0,1.125,0.875,1.375,6.75
29.76,0.125,0.625,0.75,1.5,7.375
29.77,0.25,0.375,0.375,1.875,7.625
29.78,0.375,0.25,1.5,4.25,5.25
29.79,0.625,0.75,0.625,20.875,11.125
29.8,0.125,0.5,0.75,75.625,7.75
29.81,0,0.375,0.125,5.75,9
29.82,0.375,0.375,0.625,3.125,9.25
29.83,0.125,0,1.125,4.375,9.625
29.84,0.5,0.25,0.75,3.125,13.125
29.85,0.25,0.625,0.25,2.875,5.125
29.86,0.875,0.5,0.5,1.5,6
29.87,0.25,0.625,0.75,2.5,6.25
29.88,0.25,0.5,0.375,0.625,7.125
29.89,0.625,0.625,0.75,1.625,11.625
29.9,0.25,0.5,1.5,0.75,10.875
29.91,0.25,0.75,1.375,0.625,7.875
29.92,0.5,0.625,0.875,1.125,7.125
29.93,0.375,0.5,1.375,1.5,7.75
29.94,0.375,0.875,1.5,1.75,9
29.95,0.25,0.25,1.625,1.5,7.625
29.96,0.625,1,5.125,1.875,11
29.97,0.125,1,110.25,2.375,10.125
29.98,0.375,0.625,1.5,7.625,12.625
29.99,0.25,0.375,3.75,74.625,13.75
30,0.25,0.625,2.75,6.75,8.625
