time,V0,V1,V2,r0,r1,r2,mu_Ext_0,mu_Ext_1,mu_Ext_2,#11,#12,#13,#14,#15,#16,#17,#18,#19,#20,#21,#22,#23,#24,#25,#26,#27,#28,
0.0000,0.180,0.180,0.165,0.000,0.000,0.000,15.636,15.818,20.918,0.000,0.000,0.000,0.000,0.000,0.000,0.000,0.000,0.000,15.636,15.818,20.918,8.287,8.226,10.070,1.761,1.774,2.310,
0.0100,15.127,15.067,16.533,1.125,2.111,9.250,1588.160,1586.892,2100.323,23.448,127.342,-932.156,5.332,126.623,-926.094,24.266,411.473,-741.380,806.049,792.098,1792.253,146.575,157.999,152.984,21.793,21.925,18.459,
0.0200,16.418,16.299,17.395,0.250,0.306,4.500,1589.721,1585.556,2101.381,5.748,19.269,-447.594,1.250,18.736,-450.215,5.143,58.772,-360.480,1164.809,1153.505,1800.213,124.671,124.207,128.323,13.444,13.457,13.402,
0.0300,16.626,16.504,17.526,0.875,0.458,5.450,1588.328,1586.598,2102.672,19.689,27.934,-546.531,4.350,27.723,-546.115,18.556,89.876,-436.510,1088.685,1073.853,1776.545,132.044,132.606,133.479,14.554,14.471,14.286,
0.0400,16.720,16.610,17.595,0.500,0.472,4.800,1582.138,1587.867,2098.900,12.290,28.474,-483.188,2.863,28.722,-480.792,10.442,91.010,-379.710,1136.525,1135.326,1811.827,124.610,126.381,125.827,13.670,13.572,13.553,
0.0500,16.644,16.551,17.536,0.500,0.361,5.200,1584.191,1586.037,2098.869,13.125,22.920,-522.594,2.866,22.008,-517.767,10.813,69.977,-414.870,1100.742,1096.569,1774.820,130.403,129.696,129.476,14.238,14.170,13.998,
0.0600,16.659,16.522,17.525,0.500,0.486,5.400,1589.517,1585.653,2099.557,10.538,29.937,-534.875,2.436,30.514,-539.830,11.266,95.674,-433.380,1096.994,1078.038,1772.078,130.335,131.954,133.947,14.228,14.182,14.078,
0.0700,16.667,16.552,17.574,0.250,0.542,5.250,1584.160,1587.179,2099.164,6.082,32.063,-530.406,1.415,32.714,-525.087,5.339,105.503,-420.730,1092.327,1096.477,1789.579,130.655,130.647,132.164,14.297,14.283,14.128,
0.0800,16.647,16.558,17.566,0.625,0.417,4.850,1584.545,1585.444,2103.784,12.848,25.934,-479.844,2.750,25.664,-484.556,13.210,82.067,-387.070,1142.165,1128.206,1809.102,126.477,128.101,127.928,14.234,14.183,13.960,
0.0900,16.641,16.527,17.534,0.625,0.375,5.100,1586.728,1587.234,2100.746,13.174,22.592,-514.438,3.036,22.854,-510.073,13.608,72.333,-409.190,1108.979,1103.728,1778.097,129.861,130.152,131.642,13.971,13.885,13.804,
0.1000,16.659,16.577,17.508,0.250,0.444,5.250,1584.371,1586.884,2100.701,4.529,28.567,-523.875,1.018,27.325,-523.899,5.218,88.101,-423.000,1095.588,1093.313,1777.911,130.554,127.916,128.541,14.276,14.255,14.074,
0.1100,16.637,16.556,17.520,0.500,0.458,5.400,1585.425,1586.172,2100.552,11.760,28.103,-538.250,2.588,28.419,-539.042,10.894,88.466,-425.580,1086.492,1077.625,1772.975,128.127,128.456,132.411,14.994,14.988,14.498,
0.1200,16.709,16.590,17.523,0.750,0.417,4.900,1591.150,1586.061,2101.061,17.615,24.090,-491.000,3.967,23.770,-489.049,16.072,80.258,-390.040,1142.010,1124.876,1807.451,126.303,127.620,128.472,13.764,13.645,13.664,
0.1300,16.647,16.532,17.502,0.500,0.403,5.100,1582.572,1588.448,2102.038,10.907,23.471,-509.562,2.305,23.608,-511.538,10.935,78.185,-408.170,1107.084,1102.676,1782.246,129.731,129.167,129.692,13.923,13.893,13.789,
0.1400,16.709,16.471,17.531,1.625,0.292,5.050,1594.116,1588.137,2100.789,34.431,18.116,-499.750,7.783,18.269,-504.670,35.869,57.254,-400.330,1146.450,1109.592,1793.697,133.525,127.916,131.411,14.023,13.906,13.786,
0.1500,16.852,16.565,17.561,1.375,0.361,5.300,1586.960,1587.512,2101.117,34.482,20.570,-531.656,7.501,20.784,-530.365,28.930,70.187,-424.170,1108.259,1083.911,1770.306,132.987,131.336,131.123,14.315,14.153,13.978,
0.1600,16.851,16.597,17.546,1.125,0.403,5.050,1585.349,1587.846,2096.948,24.507,24.590,-506.500,5.328,24.917,-505.361,24.664,79.353,-405.690,1127.916,1113.252,1797.631,134.471,128.784,133.051,14.032,13.917,13.907,
0.1700,16.801,16.513,17.543,1.000,0.375,5.150,1585.907,1586.336,2105.952,21.457,21.501,-513.781,4.832,21.398,-516.042,22.086,72.880,-410.620,1116.392,1096.374,1790.015,128.064,127.513,133.050,14.160,14.029,13.878,
0.1800,16.769,16.570,17.530,0.500,0.389,5.150,1582.202,1585.156,2096.988,11.313,24.686,-509.906,2.461,24.075,-515.580,11.110,75.985,-411.510,1105.748,1095.121,1769.603,132.553,127.308,134.221,14.018,14.093,13.887,
0.1900,16.786,16.497,17.524,1.875,0.389,5.250,1585.213,1588.522,2097.557,45.056,23.687,-519.250,10.219,24.003,-524.715,41.101,75.553,-419.530,1137.318,1099.825,1800.006,129.416,130.103,133.246,14.224,13.998,14.038,
0.2000,16.903,16.612,17.570,1.000,0.431,4.900,1582.454,1587.909,2099.313,21.247,27.886,-485.250,4.879,28.081,-490.865,21.776,83.477,-394.500,1139.345,1124.822,1795.148,132.221,126.845,129.928,13.782,13.743,13.697,
0.2100,16.734,16.461,17.483,1.250,0.333,5.400,1590.042,1587.747,2100.873,30.215,20.778,-541.531,6.589,20.884,-541.094,27.034,65.178,-431.180,1101.348,1075.681,1765.779,136.274,129.388,133.481,14.524,14.340,14.083,
0.2200,16.855,16.561,17.549,0.875,0.389,4.950,1584.377,1585.732,2101.036,19.922,22.963,-495.812,4.356,22.868,-494.108,18.610,75.647,-396.030,1135.719,1120.927,1805.540,128.305,126.982,132.613,14.079,13.971,13.888,
0.2300,16.760,16.544,17.530,0.875,0.375,5.300,1589.525,1585.301,2100.390,19.350,22.632,-528.844,4.298,22.998,-528.597,18.860,74.176,-423.070,1101.554,1083.539,1769.984,131.731,128.340,129.979,14.555,14.477,14.201,
0.2400,16.779,16.539,17.546,0.875,0.389,5.050,1588.511,1585.632,2100.052,20.109,22.875,-506.656,4.617,23.262,-505.882,18.603,76.228,-402.540,1126.539,1109.244,1796.467,127.560,128.120,134.967,14.010,13.873,13.833,
0.2500,16.735,16.553,17.518,0.500,0.431,5.150,1583.512,1586.727,2099.790,11.265,26.250,-516.344,2.419,25.558,-514.431,10.759,83.815,-412.690,1103.819,1099.903,1779.548,122.986,127.030,131.856,14.095,13.987,13.916,
0.2600,16.797,16.612,17.559,1.000,0.431,5.100,1587.834,1587.251,2094.887,22.716,26.012,-504.719,5.029,25.386,-510.444,21.809,84.375,-408.720,1132.964,1107.057,1793.884,128.444,129.364,129.298,13.900,13.801,13.850,
0.2700,16.800,16.536,17.516,1.375,0.347,5.100,1586.243,1586.835,2099.525,29.840,21.024,-508.719,6.734,21.340,-510.302,30.004,65.745,-409.850,1125.078,1103.496,1780.199,125.991,128.446,132.265,14.288,14.158,13.989,
0.2800,16.837,16.615,17.547,0.500,0.444,5.250,1584.636,1585.976,2099.549,11.595,26.633,-528.031,2.588,27.522,-524.396,10.476,85.550,-416.900,1099.580,1093.929,1786.532,133.625,130.141,133.318,14.065,14.073,13.969,
0.2900,16.712,16.555,17.544,0.500,0.528,5.200,1586.179,1587.648,2094.273,12.315,33.037,-515.469,2.635,32.522,-518.142,10.874,103.781,-414.690,1114.050,1103.519,1790.978,135.017,130.919,128.037,14.189,14.146,14.051,
0.3000,16.829,16.672,17.626,0.875,0.347,4.900,1582.452,1584.663,2100.899,18.993,21.363,-493.469,4.367,21.496,-490.226,19.190,66.764,-392.740,1130.331,1120.621,1794.924,124.001,126.959,128.912,14.045,13.896,13.835,
0.3100,16.682,16.578,17.543,0.500,0.486,5.250,1585.690,1588.954,2098.350,10.428,29.282,-526.188,2.310,28.728,-523.347,11.185,93.508,-422.090,1098.167,1095.386,1776.896,127.170,130.620,131.402,14.213,14.094,14.000,
0.3200,16.672,16.597,17.580,0.250,0.500,5.100,1586.848,1585.242,2099.056,5.193,29.070,-513.750,1.190,30.013,-511.236,5.319,96.822,-406.110,1108.312,1106.230,1798.199,127.770,128.059,130.215,14.468,14.497,14.164,
0.3300,16.742,16.643,17.586,0.875,0.472,5.050,1588.841,1587.930,2099.328,20.164,27.327,-502.969,4.441,27.712,-503.003,18.238,92.219,-405.300,1130.191,1114.385,1796.034,136.150,128.613,127.746,14.048,13.882,13.882,
0.3400,16.658,16.509,17.531,0.625,0.403,5.450,1581.498,1587.083,2100.245,15.063,24.327,-545.125,3.434,24.433,-545.215,13.054,79.434,-436.540,1080.339,1073.884,1769.498,135.766,130.329,133.581,14.477,14.472,14.236,
0.3500,16.643,16.506,17.564,0.875,0.542,5.250,1585.947,1586.810,2101.337,19.477,32.963,-525.781,4.318,32.403,-526.726,18.535,106.488,-419.380,1111.921,1096.050,1804.267,127.847,128.839,134.088,14.461,14.347,14.213,
0.3600,16.669,16.529,17.549,0.375,0.347,5.050,1583.381,1587.737,2101.294,8.102,20.302,-500.219,1.782,20.699,-504.444,8.498,67.392,-403.460,1110.946,1105.177,1772.455,130.656,127.186,128.955,14.154,14.157,13.907,
0.3700,16.735,16.564,17.555,1.125,0.417,4.900,1589.648,1587.022,2095.930,25.730,25.434,-488.156,5.631,25.356,-490.962,24.651,81.878,-390.790,1152.161,1126.610,1809.279,126.263,127.237,129.476,13.823,13.653,13.710,
0.3800,16.850,16.604,17.603,1.500,0.375,5.150,1582.448,1586.365,2102.202,33.084,23.045,-514.156,7.356,22.314,-515.080,32.305,72.758,-412.950,1121.935,1100.043,1790.448,132.313,128.482,128.544,14.058,13.976,13.923,
0.3900,16.819,16.568,17.561,0.500,0.375,5.250,1590.376,1586.911,2102.136,12.099,24.476,-521.125,2.567,23.954,-524.802,10.820,72.846,-419.790,1109.606,1090.903,1775.287,128.202,129.112,133.400,14.284,14.223,13.983,
0.4000,16.922,16.618,17.561,1.500,0.347,4.900,1584.405,1587.185,2100.222,34.898,20.663,-486.688,7.806,21.112,-490.559,32.096,66.022,-394.150,1147.988,1124.226,1797.656,126.776,126.835,127.657,14.189,14.037,13.903,
0.4100,16.884,16.659,17.573,0.375,0.444,5.100,1587.056,1584.672,2100.996,8.461,26.215,-509.406,1.941,26.530,-507.281,7.870,85.678,-409.780,1117.495,1106.887,1790.312,134.096,129.570,133.473,14.126,14.060,14.001,
0.4200,16.793,16.614,17.567,0.375,0.500,5.400,1589.087,1586.956,2102.276,6.851,28.212,-537.281,1.544,28.108,-539.170,7.870,99.610,-428.800,1087.716,1078.367,1783.636,129.515,129.837,135.184,14.446,14.486,14.282,
0.4300,16.761,16.573,17.570,1.000,0.375,4.850,1582.355,1585.697,2099.118,23.812,23.105,-482.438,5.344,23.353,-483.753,21.242,74.399,-389.640,1142.092,1128.519,1798.558,127.312,126.417,130.004,13.768,13.687,13.736,
0.4400,16.786,16.598,17.574,0.625,0.389,5.350,1588.841,1585.199,2100.377,13.316,22.591,-538.125,2.975,22.831,-534.646,13.581,75.776,-430.150,1090.627,1077.756,1763.532,130.881,129.445,134.547,14.473,14.445,14.167,
0.4500,16.817,16.615,17.519,0.625,0.417,4.850,1589.961,1587.904,2103.667,13.506,26.115,-484.656,3.078,25.209,-486.691,13.466,79.846,-387.730,1141.963,1126.853,1801.777,126.101,124.026,129.451,13.790,13.774,13.692,
0.4600,16.739,16.525,17.543,1.125,0.403,5.350,1582.867,1587.549,2096.751,26.430,24.390,-533.344,5.986,24.791,-535.542,24.604,77.497,-427.490,1103.649,1085.738,1780.400,130.835,131.677,131.189,14.669,14.547,14.316,
0.4700,16.670,16.469,17.513,0.625,0.486,5.250,1588.447,1586.408,2101.283,12.564,28.839,-523.906,2.905,28.984,-526.337,13.561,94.541,-420.120,1106.080,1092.079,1789.150,130.463,132.195,136.267,14.259,14.184,14.075,
0.4800,16.763,16.580,17.567,0.250,0.417,4.900,1588.488,1586.308,2102.686,6.926,25.879,-487.656,1.657,25.859,-489.257,5.494,81.432,-391.100,1133.138,1124.088,1796.548,122.484,127.564,129.251,13.659,13.630,13.618,
0.4900,16.717,16.565,17.530,0.500,0.417,5.150,1589.103,1586.702,2095.907,11.940,24.246,-518.875,2.669,24.540,-514.455,10.888,80.629,-410.620,1107.168,1100.235,1779.929,124.155,128.766,132.198,13.999,13.911,13.838,
0.5000,16.750,16.608,17.593,0.500,0.542,5.250,1587.856,1585.765,2097.632,10.766,32.553,-528.875,2.332,32.530,-526.799,11.077,105.300,-419.940,1101.762,1093.382,1792.725,126.681,131.208,133.700,14.504,14.466,14.276,
0.5100,16.786,16.626,17.579,0.625,0.500,4.950,1586.849,1586.997,2097.847,13.235,27.983,-490.656,2.773,28.832,-496.326,13.129,96.505,-398.490,1133.231,1119.193,1798.488,130.333,127.460,126.986,13.664,13.701,13.724,
0.5200,16.627,16.497,17.562,0.750,0.500,5.400,1581.873,1586.007,2099.053,17.477,28.059,-543.562,4.002,29.094,-540.226,16.598,96.856,-430.940,1086.327,1080.563,1786.386,130.561,130.872,131.590,14.649,14.627,14.361,
0.5300,16.629,16.496,17.532,0.375,0.319,5.000,1589.744,1586.161,2099.799,8.793,18.180,-504.281,2.014,18.194,-501.347,8.181,62.249,-398.480,1114.433,1106.648,1778.012,128.467,125.675,130.830,14.364,14.290,14.020,
0.5400,16.724,16.568,17.518,0.750,0.458,5.250,1588.752,1587.750,2095.864,16.672,28.027,-516.562,3.783,28.332,-526.684,16.362,87.595,-422.990,1114.144,1092.452,1773.766,124.340,128.692,132.471,13.882,13.907,13.892,
0.5500,16.795,16.548,17.494,0.500,0.361,4.750,1590.416,1585.174,2100.951,12.410,21.726,-474.688,2.693,21.565,-476.240,10.746,70.281,-380.390,1150.860,1132.047,1798.800,124.264,124.515,131.466,13.721,13.592,13.548,
0.5600,16.812,16.634,17.534,0.625,0.403,5.300,1584.852,1586.420,2103.416,14.463,24.599,-532.594,3.134,25.156,-527.396,13.298,78.995,-423.360,1093.131,1089.208,1778.316,132.495,128.555,133.902,14.314,14.223,14.072,
0.5700,16.699,16.529,17.518,1.000,0.375,5.150,1586.865,1587.084,2099.916,21.268,21.570,-514.625,4.718,21.509,-516.083,21.418,72.259,-410.530,1115.256,1097.425,1783.711,133.972,128.829,129.410,14.148,14.029,13.905,
0.5800,16.797,16.564,17.547,1.125,0.514,5.200,1581.945,1586.904,2099.517,25.256,30.469,-516.500,5.704,30.560,-519.979,24.138,100.244,-416.680,1118.410,1100.140,1797.128,132.057,129.119,131.822,14.065,14.055,14.001,
0.5900,16.693,16.574,17.571,0.000,0.361,4.850,1579.535,1585.771,2099.939,0.000,21.257,-486.875,0.000,21.077,-485.510,0.000,70.295,-387.260,1115.607,1123.211,1788.252,130.745,126.734,129.485,13.952,13.913,13.718,
0.6000,16.694,16.630,17.531,0.500,0.500,5.450,1582.040,1585.945,2096.802,12.740,30.942,-544.031,2.872,30.587,-544.233,10.874,97.038,-436.880,1081.813,1075.489,1769.583,132.385,130.460,134.217,14.401,14.315,14.188,
0.6100,16.755,16.600,17.569,1.375,0.333,5.000,1588.633,1587.017,2101.457,29.740,19.356,-497.812,6.533,19.228,-499.767,29.835,64.402,-400.240,1139.062,1111.956,1791.809,128.019,126.456,130.236,14.006,13.883,13.815,
0.6200,16.730,16.584,17.514,0.625,0.292,4.850,1584.817,1586.736,2102.031,14.085,15.838,-490.219,3.202,16.034,-485.038,13.581,56.795,-387.250,1126.241,1122.778,1791.549,127.388,124.674,128.230,14.207,14.127,13.864,
0.6300,16.780,16.641,17.581,0.875,0.556,5.550,1587.479,1588.171,2098.384,21.301,31.689,-557.438,4.766,32.048,-555.441,18.664,107.534,-446.270,1081.710,1068.772,1774.971,131.918,130.875,134.994,14.728,14.577,14.368,
0.6400,16.641,16.539,17.549,0.375,0.514,4.900,1583.664,1585.973,2097.501,10.048,32.065,-496.781,2.210,31.613,-488.715,8.248,100.325,-393.730,1127.057,1128.750,1807.174,130.630,126.458,129.196,14.098,13.972,13.941,
0.6500,16.603,16.539,17.559,0.250,0.542,5.100,1588.916,1587.118,2096.306,5.180,32.048,-510.938,1.142,33.052,-508.899,5.521,104.632,-409.090,1113.978,1111.570,1791.794,131.030,127.333,129.382,14.166,14.159,14.019,
0.6600,16.694,16.570,17.563,1.125,0.319,5.200,1589.403,1585.832,2102.900,26.716,21.019,-521.969,6.066,20.356,-521.788,24.637,62.019,-417.540,1118.775,1093.845,1784.247,131.291,127.812,129.387,14.286,14.114,13.982,
0.6700,16.776,16.573,17.595,0.750,0.486,5.300,1588.593,1587.641,2102.382,14.883,28.622,-525.781,3.163,28.480,-530.944,16.207,94.460,-423.180,1105.609,1087.278,1785.623,134.110,130.894,126.410,14.034,14.052,14.000,
0.6800,16.760,16.545,17.599,1.125,0.472,5.300,1590.293,1586.092,2100.007,27.836,27.731,-532.812,6.198,27.919,-528.285,24.266,90.592,-420.500,1111.653,1091.668,1793.899,138.670,130.110,133.749,14.381,14.150,14.055,
0.6900,16.766,16.531,17.536,0.625,0.347,4.900,1585.624,1588.746,2100.199,14.305,19.817,-489.625,3.282,20.120,-490.840,13.176,68.175,-392.580,1132.432,1122.447,1792.824,125.968,123.898,128.274,13.966,13.927,13.799,
0.7000,16.722,16.542,17.564,1.250,0.417,5.100,1584.802,1587.452,2098.363,25.490,25.094,-510.844,5.483,24.701,-509.990,27.088,80.541,-405.660,1123.973,1107.121,1799.846,127.522,129.681,129.303,14.285,14.164,14.033,
0.7100,16.787,16.576,17.599,0.875,0.417,5.000,1583.793,1587.355,2101.053,22.617,24.259,-495.281,5.171,24.474,-502.389,18.576,80.615,-401.470,1134.621,1113.733,1794.825,120.381,126.958,123.680,14.083,14.047,13.914,
0.7200,16.936,16.634,17.618,1.000,0.389,5.300,1587.665,1586.994,2099.984,24.595,22.619,-524.062,5.531,22.565,-528.385,22.302,76.275,-422.860,1111.239,1087.388,1778.030,130.136,129.613,133.767,14.672,14.574,14.319,
0.7300,16.760,16.481,17.510,0.500,0.444,5.100,1591.386,1586.486,2096.255,11.135,26.596,-507.156,2.516,26.521,-511.278,10.469,85.901,-408.070,1119.010,1102.987,1780.154,132.075,130.146,131.138,13.960,13.910,13.814,
0.7400,16.810,16.563,17.565,0.875,0.500,5.450,1588.569,1585.505,2098.551,19.600,31.065,-544.062,4.386,31.540,-545.139,19.076,98.334,-434.930,1099.351,1078.619,1788.502,129.488,130.747,135.340,14.239,14.136,14.083,
0.7500,16.724,16.471,17.564,1.125,0.444,5.250,1589.586,1586.269,2100.871,25.863,25.505,-526.562,5.739,25.077,-524.274,24.293,86.508,-419.570,1108.190,1090.184,1781.977,129.479,130.210,131.906,14.291,14.207,14.036,
0.7600,16.756,16.514,17.522,0.875,0.292,4.800,1583.646,1586.868,2096.915,22.816,17.791,-476.000,5.081,17.769,-480.017,18.812,57.449,-381.950,1154.195,1132.153,1801.479,124.293,126.934,128.533,13.488,13.393,13.496,
0.7700,16.926,16.592,17.561,1.250,0.486,5.400,1590.696,1585.928,2097.015,31.661,27.188,-536.062,6.849,27.774,-538.479,27.526,93.987,-435.390,1112.619,1081.151,1778.562,135.587,130.822,133.781,14.213,14.093,14.116,
0.7800,16.828,16.529,17.499,0.625,0.306,4.900,1587.369,1586.546,2097.440,13.624,18.609,-487.188,3.079,18.640,-491.427,13.932,59.279,-390.140,1131.215,1117.538,1783.217,125.395,125.799,128.055,13.704,13.663,13.632,
0.7900,16.858,16.610,17.523,0.875,0.444,5.200,1586.215,1585.763,2097.175,21.515,26.859,-522.125,4.747,26.793,-518.253,18.805,86.731,-418.220,1111.784,1097.944,1780.630,130.996,130.015,134.263,14.084,13.942,13.893,
0.8000,16.821,16.531,17.548,1.875,0.306,5.050,1584.667,1586.995,2100.451,41.161,19.261,-499.969,9.189,19.052,-505.059,40.972,59.137,-403.870,1146.316,1111.615,1801.733,131.549,127.501,129.108,14.071,13.934,13.925,
0.8100,16.920,16.610,17.556,1.375,0.347,5.050,1585.627,1588.013,2101.118,30.927,21.836,-508.125,7.005,22.084,-507.385,29.234,66.515,-406.100,1130.763,1108.303,1787.891,129.777,128.543,128.823,13.965,13.825,13.829,
0.8200,16.799,16.536,17.537,1.000,0.361,5.250,1586.563,1587.101,2101.390,22.851,22.437,-531.688,5.106,22.665,-524.437,21.755,70.895,-416.900,1100.959,1091.406,1779.793,130.133,128.404,131.493,14.368,14.244,14.004,
0.8300,16.659,16.512,17.487,0.375,0.472,5.000,1587.842,1586.902,2100.752,9.813,28.911,-501.969,2.071,29.024,-500.052,8.032,91.631,-398.550,1119.885,1115.742,1794.521,130.327,127.375,129.058,14.051,14.013,13.850,
0.8400,16.817,16.590,17.581,1.375,0.403,5.300,1587.767,1586.622,2095.927,32.133,23.887,-526.844,7.379,23.680,-531.281,29.747,79.016,-428.570,1122.020,1088.914,1783.565,136.526,128.506,137.706,14.476,14.305,14.221,
0.8500,16.776,16.507,17.485,1.000,0.347,5.050,1587.081,1586.826,2097.837,25.134,21.614,-504.156,5.409,21.472,-503.639,21.890,66.832,-402.180,1125.343,1108.021,1778.344,126.276,127.912,132.742,14.139,14.073,13.874,
0.8600,16.872,16.571,17.523,0.875,0.361,5.150,1585.029,1586.845,2099.214,22.022,21.830,-508.875,4.942,21.236,-516.201,18.596,70.382,-410.930,1123.781,1098.413,1782.777,129.581,127.510,128.809,13.875,13.834,13.833,
0.8700,16.871,16.582,17.574,1.250,0.403,5.150,1584.336,1587.614,2099.619,29.414,22.560,-515.500,6.488,22.606,-517.188,27.472,79.245,-412.280,1121.452,1100.186,1795.832,134.859,129.461,129.370,14.200,14.047,13.951,
0.8800,16.810,16.543,17.558,1.000,0.417,5.250,1586.047,1585.134,2101.592,25.391,24.614,-528.094,5.485,24.540,-525.590,21.208,80.932,-422.430,1106.417,1088.763,1778.495,130.234,127.599,129.998,14.298,14.204,14.067,
0.8900,16.836,16.591,17.570,1.375,0.389,5.000,1588.231,1585.000,2099.979,31.378,21.843,-506.938,6.979,22.319,-499.615,29.578,75.593,-398.960,1133.894,1112.889,1799.292,128.533,128.356,129.126,14.148,13.962,13.851,
0.9000,16.855,16.630,17.593,0.750,0.403,5.150,1588.628,1585.513,2100.423,15.519,24.251,-514.156,3.461,24.772,-515.389,16.031,78.691,-414.920,1115.213,1099.413,1785.153,124.875,130.408,129.518,14.246,14.181,14.020,
0.9100,16.829,16.621,17.589,0.625,0.486,5.100,1586.638,1586.487,2097.109,14.577,30.470,-507.938,3.168,29.655,-508.556,12.899,94.162,-407.130,1121.843,1110.759,1795.616,129.363,127.712,134.090,14.205,14.177,14.080,
0.9200,16.709,16.530,17.533,0.125,0.528,5.350,1584.800,1586.880,2100.449,2.775,31.362,-536.906,0.593,31.406,-534.122,2.801,101.547,-430.140,1084.448,1085.621,1778.694,130.541,126.961,132.190,14.057,14.056,13.989,
0.9300,16.720,16.606,17.562,0.625,0.347,4.950,1583.831,1587.037,2101.247,15.568,20.821,-491.312,3.536,20.615,-493.476,13.075,67.743,-394.660,1127.647,1117.849,1787.445,123.775,127.132,129.380,13.711,13.716,13.656,
0.9400,16.665,16.549,17.507,0.375,0.431,5.100,1587.611,1588.441,2098.785,8.528,25.723,-506.781,2.030,25.630,-510.816,7.769,83.909,-408.370,1117.286,1106.064,1784.841,130.383,128.196,131.517,14.065,14.058,13.914,
0.9500,16.717,16.577,17.532,0.875,0.542,5.450,1593.380,1587.206,2101.731,20.350,32.359,-549.750,4.563,31.904,-544.674,18.738,105.300,-440.290,1094.849,1078.303,1782.678,135.436,130.233,138.353,14.904,14.793,14.539,
0.9600,16.714,16.564,17.520,0.500,0.347,4.700,1584.857,1585.910,2097.432,13.089,19.283,-471.500,2.986,19.943,-469.358,11.232,67.460,-375.580,1146.995,1139.808,1802.211,129.276,126.251,130.799,13.607,13.485,13.485,
0.9700,16.759,16.601,17.585,1.000,0.486,5.550,1581.945,1586.579,2096.575,25.078,29.015,-556.812,5.436,28.467,-553.497,21.910,94.912,-442.520,1079.125,1067.299,1771.715,136.344,130.338,133.133,14.572,14.387,14.253,
0.9800,16.729,16.594,17.559,0.375,0.444,4.900,1586.423,1585.686,2098.719,8.766,26.086,-488.500,1.854,26.256,-489.264,8.458,86.549,-392.460,1130.363,1122.935,1796.270,127.423,128.772,131.374,13.934,13.859,13.756,
0.9900,16.731,16.513,17.538,1.250,0.431,5.300,1592.152,1588.710,2100.104,28.064,27.163,-524.906,6.341,26.849,-529.514,27.013,83.693,-425.380,1123.535,1092.692,1785.896,132.696,129.338,135.042,14.661,14.555,14.319,
1.0000,16.807,16.604,17.573,0.625,0.375,4.950,1584.921,1586.185,2100.062,16.326,21.132,-494.938,3.430,21.392,-495.889,13.574,72.306,-396.920,1128.520,1115.950,1792.296,124.115,125.749,130.962,14.005,13.994,13.854,
1.0100,17.450,15.752,17.435,19.250,0.181,9.550,1825.765,1587.414,2102.128,444.552,11.510,-952.469,98.461,11.283,-954.201,415.017,34.918,-763.380,1288.151,734.425,1755.777,174.557,154.253,162.106,19.427,18.043,17.591,
1.0200,17.346,12.013,17.039,32.375,0.000,12.400,1819.578,1585.912,2100.663,729.245,0.000,-1245.500,162.586,0.000,-1239.566,699.732,0.000,-987.500,1304.139,509.068,1805.787,188.143,170.571,169.486,22.625,20.225,20.020,
1.0300,17.318,9.610,16.992,33.250,0.000,13.250,1825.688,1587.344,2100.345,758.160,0.000,-1319.469,168.131,0.000,-1323.701,716.053,0.000,-1061.090,1281.402,435.319,1774.850,190.477,171.974,176.271,22.892,20.400,20.364,
1.0400,17.347,8.362,16.991,33.375,0.000,12.400,1827.797,1586.912,2099.840,750.004,0.000,-1233.062,167.048,0.000,-1240.333,720.056,0.000,-991.740,1320.830,508.632,1804.025,181.277,170.029,170.336,22.355,20.090,20.015,
1.0500,17.286,8.056,17.007,28.000,0.000,11.600,1826.773,1585.824,2096.738,595.555,0.000,-1171.062,132.389,0.000,-1158.868,606.035,0.000,-931.270,1264.033,562.214,1780.589,176.423,165.756,169.620,22.322,20.328,19.859,
1.0600,17.453,8.597,17.088,27.000,0.000,11.250,1823.541,1586.198,2100.551,565.386,0.000,-1121.938,124.902,0.000,-1126.427,581.600,0.000,-903.790,1281.475,587.817,1792.968,177.842,164.747,165.135,20.830,18.878,18.913,
1.0700,17.449,9.022,17.094,23.250,0.000,10.000,1821.421,1587.078,2100.229,460.214,0.000,-997.375,102.254,0.000,-999.455,500.620,0.000,-799.780,1274.707,687.557,1790.081,168.375,155.954,162.108,19.918,18.487,18.267,
1.0800,17.319,9.356,17.108,22.750,0.000,10.400,1825.216,1586.370,2096.536,436.676,0.000,-1046.344,97.335,0.000,-1039.847,490.671,0.000,-829.490,1236.682,648.651,1780.883,172.145,159.504,168.780,20.045,18.462,18.357,
1.0900,17.368,9.801,17.121,25.500,0.000,10.750,1833.133,1586.181,2102.029,483.491,0.000,-1067.094,107.238,0.000,-1074.274,551.191,0.000,-863.340,1242.868,617.633,1782.658,173.043,163.072,167.579,19.960,18.546,18.446,
1.1000,17.348,9.885,17.110,18.625,0.000,8.950,1824.636,1587.899,2096.079,329.280,0.000,-888.938,72.647,0.000,-898.003,403.940,0.000,-711.870,1269.445,763.514,1790.147,162.236,150.859,164.270,18.462,17.285,17.214,
1.1100,17.400,10.522,17.145,19.875,0.000,9.700,1824.640,1587.659,2102.192,341.791,0.000,-962.500,76.511,0.000,-969.774,428.463,0.000,-773.550,1211.348,696.141,1767.912,162.504,156.164,159.269,19.202,18.115,17.894,
1.1200,17.423,10.810,17.204,19.750,0.000,8.800,1823.455,1587.109,2097.101,335.281,0.000,-883.438,75.063,0.000,-881.847,425.554,0.000,-704.890,1260.950,777.266,1799.459,163.734,149.810,155.884,18.540,17.510,17.347,
1.1300,17.389,11.044,17.233,18.625,0.000,9.350,1824.099,1585.881,2101.839,314.048,0.000,-935.750,69.985,0.000,-933.156,402.826,0.000,-742.900,1211.053,724.331,1772.552,164.448,154.339,157.123,19.426,18.354,17.923,
1.1400,17.413,11.253,17.276,19.500,0.000,8.850,1824.565,1585.954,2099.012,327.560,0.000,-887.719,73.114,0.000,-886.701,423.684,0.000,-704.950,1260.982,771.726,1811.468,165.223,148.722,156.560,18.718,17.583,17.442,
1.1500,17.408,11.317,17.207,17.875,0.000,8.750,1827.391,1587.401,2099.191,290.617,0.000,-875.250,64.437,0.000,-877.240,386.154,0.000,-701.580,1238.792,773.559,1778.480,159.118,150.398,156.348,18.227,17.156,17.059,
1.1600,17.432,11.425,17.235,18.500,0.000,8.850,1829.591,1586.181,2100.492,307.445,0.000,-887.781,68.640,0.000,-882.149,399.128,0.000,-710.140,1246.213,772.087,1789.763,155.409,149.095,156.162,18.011,16.770,16.910,
1.1700,17.403,11.387,17.195,18.875,0.000,9.050,1825.147,1586.615,2094.842,313.666,0.000,-908.094,69.950,0.000,-904.694,408.301,0.000,-722.660,1226.147,750.862,1768.076,167.206,151.592,158.997,19.262,18.134,17.762,
1.1800,17.448,11.510,17.232,19.750,0.000,9.300,1822.297,1585.392,2102.258,338.524,0.000,-926.969,75.265,0.000,-930.448,427.160,0.000,-743.300,1242.872,732.399,1804.242,168.282,153.317,158.385,19.389,18.210,18.010,
1.1900,17.338,11.249,17.182,18.000,0.000,8.850,1823.720,1588.608,2096.931,291.561,0.000,-886.750,64.708,0.000,-885.448,388.516,0.000,-708.600,1229.934,767.928,1771.906,157.579,150.963,157.566,18.447,17.265,17.193,
1.2000,17.394,11.461,17.234,17.500,0.000,8.650,1823.307,1587.288,2095.709,281.787,0.000,-865.688,62.356,0.000,-863.066,377.075,0.000,-691.060,1246.068,788.215,1791.181,162.961,148.975,154.684,17.894,16.852,16.840,
1.2100,17.445,11.608,17.269,17.125,0.000,8.550,1822.231,1585.902,2099.515,276.077,0.000,-854.594,61.519,0.000,-854.795,371.743,0.000,-686.980,1240.126,791.833,1781.139,155.162,150.946,152.859,18.026,16.974,16.981,
1.2200,17.478,11.650,17.256,18.000,0.000,8.800,1826.802,1587.780,2098.451,293.035,0.000,-882.562,64.770,0.000,-879.503,389.387,0.000,-699.210,1238.324,773.244,1792.807,156.508,151.864,156.416,18.368,17.314,17.147,
1.2300,17.430,11.642,17.254,17.875,0.000,8.750,1821.018,1585.543,2099.798,288.687,0.000,-877.406,64.191,0.000,-874.892,385.364,0.000,-698.690,1235.575,775.634,1788.592,161.019,149.910,153.926,18.359,17.335,17.286,
1.2400,17.436,11.742,17.286,17.875,0.000,8.650,1822.176,1585.948,2097.692,277.106,0.000,-868.469,62.311,0.000,-867.014,385.918,0.000,-692.120,1234.847,782.088,1798.084,161.209,153.397,156.160,17.643,16.547,16.793,
1.2500,17.400,11.603,17.258,19.125,0.000,9.150,1824.474,1586.516,2099.015,328.575,0.000,-914.188,72.713,0.000,-914.573,414.504,0.000,-734.020,1228.987,742.264,1769.469,163.802,153.097,151.890,19.049,17.793,17.588,
1.2600,17.437,11.547,17.258,18.375,0.000,8.750,1829.342,1587.060,2099.086,293.705,0.000,-874.125,65.304,0.000,-874.823,397.926,0.000,-700.130,1252.072,778.473,1799.791,163.315,150.749,154.047,18.352,17.195,17.166,
1.2700,17.400,11.415,17.251,21.000,0.000,9.250,1827.108,1587.305,2094.385,337.655,0.000,-919.969,75.079,0.000,-923.486,451.960,0.000,-743.670,1239.607,737.640,1789.127,165.089,152.878,155.075,18.469,17.421,17.436,
1.2800,17.422,11.472,17.274,17.875,0.000,8.700,1825.082,1588.102,2101.444,271.881,0.000,-861.438,60.759,0.000,-868.785,386.363,0.000,-696.940,1229.119,778.639,1784.745,167.786,151.050,156.291,17.901,16.912,17.034,
1.2900,17.399,11.648,17.220,19.125,0.000,8.950,1823.015,1587.451,2104.101,302.119,0.000,-894.156,67.194,0.000,-893.021,413.039,0.000,-717.450,1225.958,760.661,1792.158,168.509,153.597,151.706,18.506,17.484,17.284,
1.3000,17.422,11.605,17.284,16.250,0.000,8.400,1825.158,1585.901,2097.268,263.271,0.000,-841.125,58.754,0.000,-838.292,352.046,0.000,-670.090,1258.617,808.856,1799.771,155.323,149.257,152.550,17.619,16.511,16.685,
1.3100,17.408,11.583,17.251,20.375,0.000,9.100,1826.153,1587.282,2099.921,328.094,0.000,-905.125,72.665,0.000,-911.465,438.851,0.000,-729.650,1232.880,744.564,1786.037,165.012,153.261,159.937,18.863,17.727,17.627,
1.3200,17.411,11.596,17.256,17.000,0.000,8.600,1821.059,1586.960,2100.344,277.985,0.000,-866.250,61.042,0.000,-862.333,367.085,0.000,-683.850,1241.539,787.888,1793.570,162.755,151.211,153.499,18.477,17.417,17.180,
1.3300,17.385,11.418,17.250,19.000,0.000,9.300,1826.525,1587.608,2097.162,311.038,0.000,-927.750,69.318,0.000,-932.681,406.600,0.000,-740.700,1221.530,726.784,1778.067,164.879,154.300,156.103,18.877,17.833,17.585,
1.3400,17.424,11.500,17.269,17.125,0.000,8.850,1826.360,1586.880,2101.159,268.668,0.000,-882.812,59.791,0.000,-884.233,370.568,0.000,-707.270,1216.243,763.529,1770.789,161.576,152.187,160.771,18.319,17.398,17.267,
1.3500,17.378,11.506,17.202,19.375,0.000,8.750,1820.542,1586.566,2099.995,311.517,0.000,-868.688,69.509,0.000,-875.042,420.619,0.000,-700.450,1248.308,777.469,1802.156,159.239,150.037,153.876,18.316,17.234,17.234,
1.3600,17.262,12.730,17.406,3.750,0.000,5.400,1585.559,1587.709,2096.006,60.525,0.000,-541.719,13.519,0.000,-538.128,80.231,0.000,-430.770,1124.919,1067.761,1772.352,132.952,129.957,135.987,14.824,14.514,14.332,
1.3700,17.381,14.880,17.551,2.750,0.000,4.350,1588.232,1585.536,2101.015,46.867,0.000,-432.469,10.522,0.000,-433.552,59.056,0.000,-346.430,1201.151,1162.115,1810.252,123.708,122.906,126.781,13.420,13.258,13.249,
1.3800,17.309,15.818,17.522,3.250,0.014,4.750,1587.083,1586.987,2101.046,64.953,1.381,-474.875,14.038,1.229,-474.264,69.593,2.639,-380.930,1172.708,1126.847,1788.703,133.883,125.313,130.506,13.737,13.483,13.518,
1.3900,17.233,16.151,17.527,2.875,0.139,5.150,1590.308,1586.433,2099.132,54.219,7.103,-518.969,12.209,6.882,-514.573,62.073,27.526,-411.820,1138.130,1091.185,1778.700,131.165,127.845,130.131,14.454,14.113,13.969,
1.4000,17.127,16.359,17.502,2.375,0.222,5.300,1580.076,1586.477,2100.657,49.708,12.801,-527.438,11.331,12.459,-528.455,51.300,42.896,-425.150,1116.571,1082.298,1771.796,123.397,130.294,136.809,14.227,14.020,13.956,
1.4100,16.914,16.416,17.496,1.250,0.347,5.200,1589.141,1586.594,2103.299,24.569,18.898,-526.500,5.533,18.957,-520.986,27.182,67.325,-415.990,1107.027,1090.402,1782.625,130.253,128.673,134.807,14.328,14.179,14.022,
1.4200,16.850,16.496,17.532,0.750,0.389,4.950,1586.587,1587.524,2099.610,18.844,20.794,-494.750,4.326,20.621,-496.545,16.193,74.965,-396.190,1130.370,1115.563,1793.532,130.534,127.021,130.286,13.924,13.847,13.800,
1.4300,16.726,16.463,17.534,0.750,0.375,5.150,1586.475,1587.428,2099.940,18.080,20.025,-517.344,3.806,19.581,-516.969,16.774,74.284,-408.820,1105.556,1093.415,1780.537,128.634,130.639,128.820,13.994,13.890,13.752,
1.4400,16.735,16.497,17.510,1.250,0.375,5.000,1584.810,1587.042,2100.668,32.682,20.076,-498.875,7.320,20.869,-498.663,26.473,74.311,-399.210,1141.315,1117.090,1805.145,121.480,129.692,127.177,14.326,14.091,14.082,
1.4500,16.816,16.547,17.647,1.250,0.486,5.600,1589.290,1587.143,2101.079,32.729,25.510,-558.875,7.543,25.887,-560.812,27.466,93.555,-448.550,1089.466,1060.730,1776.513,135.091,130.121,132.160,14.558,14.460,14.290,
1.4600,16.778,16.443,17.504,1.125,0.222,4.950,1587.025,1586.763,2101.822,27.735,13.179,-500.188,6.280,12.764,-495.233,24.489,43.166,-394.650,1127.791,1110.644,1775.036,128.081,126.736,130.887,13.798,13.642,13.540,
1.4700,16.903,16.629,17.581,0.750,0.500,5.000,1585.105,1586.249,2099.375,20.978,26.734,-494.688,4.655,26.886,-499.580,16.186,96.512,-398.640,1135.188,1115.202,1802.647,130.511,128.041,125.858,13.781,13.680,13.746,
1.4800,16.853,16.548,17.565,1.375,0.333,5.000,1588.392,1585.905,2101.111,42.783,16.836,-498.906,9.382,16.710,-500.990,29.902,64.867,-401.250,1145.381,1111.274,1795.758,132.099,128.458,130.101,14.119,13.888,13.817,
1.4900,16.919,16.452,17.503,1.625,0.333,5.300,1591.539,1586.211,2098.700,49.350,17.294,-531.750,10.829,17.120,-529.153,34.756,63.605,-427.830,1132.443,1087.205,1776.379,137.013,131.022,131.581,14.461,14.098,14.057,
1.5000,16.909,16.502,17.538,1.375,0.417,5.400,1588.038,1587.883,2100.432,44.615,21.860,-544.750,10.094,22.457,-541.021,29.565,81.621,-430.830,1106.067,1079.014,1780.288,130.177,129.198,132.887,14.645,14.338,14.141,
1.5100,16.963,16.457,17.584,2.500,0.403,5.550,1587.834,1585.627,2098.779,80.653,22.499,-555.344,17.943,23.334,-554.913,53.973,77.841,-442.370,1139.230,1072.215,1788.574,140.398,132.933,131.814,14.900,14.364,14.296,
1.5200,17.100,16.349,17.526,3.500,0.194,5.100,1583.002,1585.461,2097.987,118.247,10.409,-509.000,26.058,10.523,-509.031,75.276,37.638,-411.030,1200.267,1113.084,1800.620,132.655,125.312,126.104,14.639,13.845,13.917,
1.5300,17.403,16.259,17.529,12.750,0.111,6.900,1580.876,1586.807,2098.521,413.739,5.885,-684.031,92.898,6.087,-689.760,275.029,21.195,-557.020,1243.936,979.820,1785.514,156.611,140.199,143.432,17.630,15.727,15.565,
1.5400,16.831,6.306,16.624,87.375,0.000,27.750,1588.542,1585.342,2097.263,2641.457,0.000,-2786.281,585.669,0.000,-2772.351,1886.591,0.000,-2220.010,1515.295,-585.455,1815.037,229.186,217.574,198.593,45.637,43.376,35.719,
1.5500,17.196,8.535,17.206,3.500,0.000,4.600,1587.995,1586.578,2103.749,56.979,0.000,-455.250,12.769,0.000,-460.931,76.329,0.000,-369.190,1191.699,1138.937,1811.313,122.863,125.092,130.002,13.855,13.615,13.615,
1.5600,17.306,12.572,17.505,3.875,0.000,4.800,1588.293,1587.163,2100.710,66.082,0.000,-477.281,14.726,0.000,-480.073,83.484,0.000,-385.830,1175.642,1121.471,1793.356,121.966,126.126,130.396,13.814,13.591,13.614,
1.5700,17.356,14.621,17.591,4.750,0.000,5.050,1584.869,1586.072,2098.085,95.407,0.000,-504.250,21.193,0.000,-504.833,103.059,0.000,-405.120,1167.782,1100.575,1790.644,140.646,127.955,130.246,14.301,13.924,13.890,
1.5800,17.304,15.512,17.600,4.125,0.000,5.150,1587.495,1587.716,2100.244,76.005,0.000,-517.062,16.866,0.000,-516.701,89.120,0.000,-410.910,1158.271,1090.533,1791.346,129.692,129.396,128.004,14.358,14.062,13.946,
1.5900,17.248,16.102,17.591,3.250,0.125,4.900,1585.856,1586.964,2099.622,67.489,6.627,-494.625,15.069,6.705,-489.670,70.585,24.509,-387.550,1157.155,1116.722,1796.002,130.418,126.073,125.831,13.985,13.626,13.600,
1.6000,17.138,16.287,17.555,2.250,0.194,5.100,1585.096,1585.998,2100.893,46.593,10.294,-510.344,10.528,10.661,-509.969,48.256,37.557,-405.550,1138.318,1098.677,1788.169,133.022,128.002,130.758,14.012,13.838,13.792,
1.6100,17.061,16.428,17.573,1.500,0.319,5.050,1582.050,1585.144,2098.998,33.002,18.040,-498.906,7.225,18.027,-503.247,32.387,62.606,-403.700,1133.314,1107.194,1791.262,128.183,126.482,130.825,14.023,13.896,13.854,
1.6200,16.975,16.535,17.606,0.875,0.431,5.450,1589.288,1586.140,2099.446,23.302,22.513,-542.375,5.053,23.235,-543.639,18.623,83.734,-433.720,1093.964,1071.114,1769.426,129.667,131.095,130.973,14.422,14.308,14.118,
1.6300,16.930,16.574,17.547,0.625,0.389,4.650,1588.381,1586.036,2097.371,16.294,21.929,-467.281,3.506,21.785,-464.917,13.203,75.290,-374.590,1158.613,1145.082,1806.629,124.714,126.095,126.475,13.687,13.638,13.667,
1.6400,16.888,16.552,17.548,1.250,0.375,5.350,1585.073,1586.012,2095.792,33.094,20.391,-531.875,7.285,21.009,-535.056,27.054,72.893,-427.890,1105.017,1079.958,1769.976,134.610,129.045,138.921,14.361,14.160,14.017,
1.6500,16.861,16.489,17.515,1.375,0.389,5.100,1584.935,1586.759,2099.151,34.456,21.039,-505.750,7.425,20.547,-509.955,30.422,74.682,-405.590,1136.844,1104.603,1798.267,127.262,128.162,129.066,14.260,14.101,14.016,
1.6600,16.880,16.524,17.578,1.125,0.444,5.300,1583.496,1587.005,2101.182,30.874,23.529,-529.625,6.720,23.433,-531.205,24.071,85.671,-423.770,1108.870,1086.487,1788.692,130.511,130.490,133.153,14.279,14.123,14.045,
1.6700,16.788,16.524,17.570,0.750,0.403,5.050,1586.355,1587.230,2098.990,23.652,21.524,-508.375,5.063,21.810,-504.312,15.930,78.718,-403.200,1118.875,1108.260,1786.706,130.897,127.134,131.264,14.396,14.251,14.108,
1.6800,16.835,16.566,17.588,0.750,0.514,5.250,1588.570,1584.827,2101.176,23.883,26.720,-523.000,5.319,26.902,-525.757,16.051,99.205,-421.920,1119.994,1092.426,1796.659,131.157,129.672,132.629,14.565,14.446,14.299,
1.6900,16.697,16.428,17.550,0.500,0.403,5.300,1586.281,1588.129,2099.714,15.135,21.928,-534.375,3.302,21.503,-531.250,10.773,79.279,-423.660,1090.193,1082.858,1770.905,127.741,131.307,134.675,14.540,14.436,14.202,
1.7000,16.816,16.581,17.564,0.875,0.444,5.050,1587.389,1585.426,2097.827,22.491,23.406,-503.125,4.947,23.685,-504.986,18.562,86.906,-406.160,1129.109,1107.992,1793.531,127.827,127.352,132.790,14.148,14.015,13.938,
1.7100,16.762,16.558,17.521,0.375,0.319,4.650,1581.796,1586.519,2102.248,14.358,17.438,-470.250,3.043,17.018,-465.993,7.951,62.795,-373.420,1142.371,1139.515,1794.634,124.579,121.995,130.779,14.064,13.900,13.737,
1.7200,16.901,16.716,17.551,0.875,0.375,5.050,1586.021,1587.130,2099.067,29.683,20.816,-500.594,6.603,20.378,-505.108,18.731,72.103,-404.380,1132.246,1107.741,1783.605,130.517,128.320,129.861,14.213,14.088,13.948,
1.7300,16.985,16.570,17.546,2.000,0.389,5.500,1592.339,1588.354,2102.709,66.583,22.704,-549.719,14.920,22.509,-547.920,44.341,75.654,-440.470,1136.076,1080.190,1788.558,139.637,130.896,133.039,14.668,14.227,14.205,
1.7400,16.971,16.498,17.536,2.250,0.306,5.250,1583.736,1586.688,2102.447,75.366,16.116,-526.531,16.319,15.977,-526.135,47.675,59.825,-422.140,1145.410,1092.261,1785.506,135.634,132.029,133.731,14.549,14.071,14.021,
1.7500,17.167,16.397,17.550,3.875,0.208,5.400,1585.304,1585.163,2100.356,132.864,11.743,-535.688,29.557,11.912,-537.587,85.145,40.615,-433.200,1188.338,1088.257,1792.909,135.553,129.623,130.820,15.478,14.674,14.528,
1.7600,17.079,10.776,17.004,109.500,0.056,33.700,1589.479,1586.209,2101.842,3454.524,3.367,-3375.781,768.289,3.371,-3371.958,2366.246,10.948,-2692.990,1681.665,-1011.777,1791.488,234.988,227.766,195.774,50.510,47.651,38.584,
1.7700,16.710,4.282,16.814,1.875,0.000,3.800,1588.117,1586.077,2100.523,21.733,0.000,-384.812,5.038,0.000,-378.365,40.898,0.000,-303.080,1223.232,1212.352,1835.027,122.606,118.601,120.085,13.074,12.966,12.987,
1.7800,17.239,10.726,17.431,2.625,0.000,4.400,1583.508,1586.449,2096.953,49.507,0.000,-438.656,10.819,0.000,-440.035,56.153,0.000,-353.510,1196.518,1157.689,1803.356,123.639,123.210,121.621,13.480,13.288,13.318,
1.7900,17.336,13.813,17.539,3.375,0.000,4.900,1586.516,1585.569,2100.348,55.553,0.000,-490.938,12.488,0.000,-489.997,73.251,0.000,-393.050,1147.687,1107.298,1775.642,129.602,127.406,130.679,13.861,13.675,13.632,
1.8000,17.346,15.215,17.575,3.875,0.000,4.950,1588.362,1584.232,2099.557,74.520,0.000,-494.688,16.097,0.000,-495.976,83.632,0.000,-397.450,1169.866,1104.809,1789.060,129.344,126.890,126.036,14.192,13.907,13.818,
1.8100,17.283,15.887,17.568,3.500,0.056,4.800,1591.215,1585.497,2101.540,64.702,2.761,-477.281,14.204,2.774,-480.816,75.917,10.895,-383.590,1179.221,1121.104,1801.495,130.338,126.069,129.084,13.754,13.615,13.640,
1.8200,17.289,16.237,17.566,3.500,0.153,5.450,1590.235,1587.507,2100.374,73.479,8.409,-546.375,16.365,8.088,-546.927,75.667,30.017,-439.240,1123.330,1064.561,1765.260,131.633,131.310,138.364,14.843,14.595,14.361,
1.8300,17.163,16.231,17.528,3.250,0.181,5.200,1586.816,1587.199,2101.263,74.573,8.999,-515.250,16.741,9.118,-521.753,70.085,34.776,-416.890,1158.308,1091.999,1793.244,130.979,129.429,138.138,14.572,14.306,14.165,
1.8400,17.090,16.407,17.541,1.250,0.389,5.200,1587.985,1585.439,2097.423,29.518,21.732,-523.625,6.440,21.252,-520.288,26.818,75.323,-414.640,1118.428,1093.445,1787.225,130.404,129.192,131.907,14.286,14.093,13.974,
1.8500,16.992,16.502,17.567,0.875,0.319,4.950,1587.341,1586.571,2101.233,21.482,17.002,-490.750,4.698,17.084,-495.875,18.873,61.223,-395.390,1135.215,1112.144,1785.142,129.299,127.304,128.557,13.683,13.629,13.620,
1.8600,16.905,16.543,17.507,0.625,0.375,5.100,1585.178,1586.382,2099.886,15.508,20.453,-514.938,3.533,20.896,-508.406,13.621,73.244,-410.380,1106.178,1102.308,1776.068,126.829,128.880,133.079,14.094,13.960,13.874,
1.8700,16.739,16.491,17.491,0.500,0.444,5.000,1585.256,1585.415,2098.327,13.617,23.970,-495.000,2.839,23.900,-498.924,10.523,86.177,-398.660,1125.642,1112.560,1793.404,120.358,125.819,136.564,14.254,14.244,13.984,
1.8800,16.929,16.689,17.585,1.000,0.375,5.150,1588.490,1587.625,2100.746,24.868,19.891,-515.562,5.596,19.672,-513.476,21.951,72.967,-413.610,1117.927,1098.487,1779.395,129.464,128.820,130.501,14.161,13.990,13.949,
1.8900,16.912,16.601,17.549,1.250,0.347,4.850,1587.204,1585.166,2102.568,38.221,18.113,-486.219,8.559,18.350,-484.670,26.764,67.783,-385.250,1155.883,1126.556,1807.464,124.802,126.734,127.435,13.830,13.639,13.620,
1.9000,16.766,16.455,17.527,1.250,0.403,5.450,1585.702,1585.403,2103.996,36.012,21.925,-548.406,7.832,21.558,-545.622,26.656,77.773,-435.130,1091.469,1069.190,1775.077,138.170,131.809,133.513,14.683,14.528,14.291,
1.9100,16.792,16.429,17.534,2.000,0.403,5.500,1588.320,1586.398,2096.665,60.314,22.930,-554.219,13.561,23.084,-549.965,42.316,78.172,-441.100,1124.552,1075.878,1785.462,132.557,131.484,132.691,14.830,14.429,14.320,
1.9200,16.845,16.466,17.530,0.375,0.361,4.800,1585.637,1586.028,2101.535,11.857,19.724,-483.531,2.447,20.225,-479.719,8.363,70.652,-384.000,1133.379,1128.340,1794.147,126.488,125.859,130.271,13.949,13.886,13.727,
1.9300,16.776,16.519,17.563,0.875,0.458,5.100,1582.877,1586.344,2100.088,26.606,24.273,-511.406,6.124,24.334,-509.913,19.487,90.092,-409.010,1118.018,1103.464,1788.528,126.052,127.732,131.095,14.056,13.868,13.806,
1.9400,16.850,16.581,17.544,1.000,0.375,5.250,1585.106,1586.054,2094.764,29.653,19.644,-524.750,6.646,19.601,-524.778,21.634,73.082,-421.530,1112.656,1090.233,1778.669,132.027,130.651,129.370,14.258,14.088,13.989,
1.9500,16.777,16.560,17.494,0.500,0.347,5.200,1589.417,1586.645,2104.621,15.985,17.310,-523.719,3.718,16.799,-520.979,10.955,66.528,-417.840,1099.641,1087.205,1766.316,129.254,128.554,132.522,14.272,14.128,13.902,
1.9600,16.830,16.595,17.572,1.750,0.472,5.200,1586.047,1585.647,2097.799,57.352,25.347,-523.156,13.003,24.947,-520.257,37.368,91.449,-413.830,1142.484,1102.150,1809.215,134.128,127.619,132.430,14.391,13.986,13.973,
1.9700,16.822,16.473,17.558,1.125,0.403,5.100,1579.618,1586.308,2098.154,38.940,21.326,-507.812,8.705,21.522,-508.705,24.455,78.685,-409.460,1133.566,1108.324,1793.805,130.903,128.422,130.070,14.278,13.987,13.932,
1.9800,16.904,16.439,17.592,1.750,0.403,5.450,1585.265,1586.910,2102.730,64.392,19.806,-546.281,13.817,20.147,-545.618,37.557,78.489,-431.890,1122.094,1074.637,1785.043,136.738,131.745,136.117,14.859,14.395,14.181,
1.9900,16.928,16.389,17.531,1.625,0.306,5.150,1590.997,1586.667,2099.835,57.190,15.809,-516.969,12.855,15.918,-516.910,34.594,59.299,-414.240,1139.913,1097.780,1778.300,137.466,129.414,129.376,14.503,14.124,14.006,
2.0000,17.070,16.315,17.550,4.500,0.347,6.050,1589.134,1586.927,2101.242,157.634,18.555,-604.781,35.401,18.431,-603.872,96.842,66.366,-481.730,1164.855,1037.460,1783.787,141.155,134.697,140.024,15.906,14.876,14.737,
2.0100,17.226,15.901,17.435,8.250,0.139,6.300,1581.219,1585.355,2099.242,281.319,7.335,-634.781,62.779,7.751,-632.063,178.679,26.750,-504.860,1217.370,1020.163,1788.654,160.091,137.733,142.131,16.765,15.023,14.963,
2.0200,16.687,5.682,16.608,105.250,0.014,32.100,1584.838,1585.105,2101.943,3326.479,0.829,-3200.500,738.198,0.766,-3207.483,2272.388,2.693,-2570.770,1736.338,-877.734,1823.332,232.997,224.187,194.020,53.817,53.696,41.380,
2.0300,17.039,7.103,17.147,0.875,0.000,3.850,1582.296,1587.796,2098.703,9.806,0.000,-383.812,2.205,0.000,-385.420,18.799,0.000,-306.140,1208.008,1204.509,1810.559,117.196,119.718,126.986,12.701,12.658,12.704,
2.0400,17.288,12.116,17.504,3.125,0.000,4.450,1584.563,1584.816,2097.945,47.239,0.000,-450.250,10.509,0.000,-446.351,67.554,0.000,-354.780,1178.347,1148.281,1807.371,121.397,122.925,121.822,13.361,13.191,13.275,
2.0500,17.313,14.502,17.640,3.125,0.000,4.800,1587.227,1586.380,2103.527,52.471,0.000,-487.875,11.858,0.000,-480.549,68.013,0.000,-380.760,1152.347,1117.784,1790.786,133.174,125.965,127.249,13.946,13.686,13.578,
2.0600,17.259,15.635,17.575,2.750,0.014,5.000,1587.001,1586.249,2096.085,48.157,0.669,-498.625,10.847,0.629,-501.417,59.751,2.619,-399.800,1140.164,1096.978,1762.799,127.852,129.173,129.628,14.060,13.897,13.754,
2.0700,17.258,16.196,17.581,3.125,0.194,4.900,1584.191,1586.579,2100.579,61.540,10.447,-491.062,14.146,10.605,-488.240,67.189,37.051,-393.330,1161.700,1121.742,1805.610,130.700,127.054,131.688,13.963,13.653,13.709,
2.0800,17.038,16.304,17.509,1.500,0.236,5.150,1584.667,1587.382,2102.337,30.678,12.466,-508.031,6.945,12.411,-512.851,31.819,45.859,-409.890,1123.043,1095.023,1775.195,123.288,131.017,133.690,14.139,14.001,13.868,
2.0900,16.975,16.470,17.576,1.500,0.403,5.050,1586.766,1587.952,2098.375,30.899,20.107,-505.438,7.143,20.545,-506.271,31.954,78.590,-401.030,1129.100,1106.919,1798.636,130.288,128.296,130.159,14.253,14.091,13.958,
2.1000,16.862,16.483,17.512,1.375,0.347,5.050,1591.191,1587.785,2098.285,31.985,18.274,-509.750,7.237,17.936,-504.420,30.159,68.067,-404.210,1128.738,1108.613,1792.227,127.382,128.469,128.355,14.240,13.936,13.868,
2.1100,16.914,16.582,17.602,0.750,0.417,5.350,1588.260,1586.638,2094.953,17.192,21.855,-535.844,3.845,21.553,-535.601,16.227,80.143,-426.030,1095.922,1077.760,1770.301,136.846,130.104,132.712,14.228,14.124,13.990,
2.1200,16.738,16.539,17.546,0.625,0.431,5.000,1581.130,1589.716,2102.521,14.688,21.867,-502.750,3.352,22.325,-498.802,13.601,83.531,-399.570,1115.472,1116.515,1800.988,127.169,127.408,132.199,13.866,13.770,13.809,
2.1300,16.708,16.536,17.575,0.750,0.472,5.200,1589.562,1586.555,2102.926,18.743,23.853,-518.312,4.241,24.092,-518.795,16.153,91.361,-417.870,1110.897,1094.480,1785.861,131.655,129.637,133.221,14.218,14.185,14.077,
2.1400,16.716,16.519,17.554,0.500,0.389,5.050,1586.955,1587.106,2100.085,13.483,21.486,-503.438,2.989,21.504,-507.149,10.935,75.397,-402.650,1121.371,1105.896,1790.308,124.137,131.289,132.789,13.880,13.908,13.827,
2.1500,16.752,16.610,17.574,0.125,0.486,5.050,1584.030,1588.664,2097.088,4.071,26.587,-508.281,0.862,26.680,-505.264,2.700,93.251,-405.640,1106.497,1111.129,1787.089,128.994,127.231,129.775,14.184,14.116,13.988,
2.1600,16.654,16.580,17.556,0.500,0.486,5.100,1584.264,1584.856,2100.162,15.926,25.079,-516.969,3.534,24.676,-509.347,10.975,94.000,-410.670,1109.012,1104.417,1796.554,129.575,128.659,130.526,14.243,14.054,14.034,
2.1700,16.688,16.605,17.587,0.375,0.486,5.350,1581.753,1585.679,2098.878,11.958,26.970,-536.812,2.716,26.523,-534.510,8.161,94.419,-426.360,1084.021,1080.499,1775.834,130.810,130.358,134.286,14.486,14.356,14.181,
2.1800,16.639,16.571,17.562,0.125,0.417,4.800,1588.099,1587.155,2098.693,3.733,22.151,-476.812,0.898,22.282,-478.066,2.875,81.769,-383.450,1137.145,1132.540,1800.482,124.635,125.825,130.908,13.687,13.693,13.681,
2.1900,16.744,16.638,17.604,0.500,0.458,5.250,1588.638,1587.432,2106.866,16.545,22.689,-521.906,3.730,23.096,-525.344,10.719,89.816,-419.040,1105.862,1088.451,1787.503,129.782,129.441,132.306,14.162,14.089,14.027,
2.2000,16.755,16.605,17.493,0.750,0.375,4.950,1585.261,1585.916,2100.038,22.686,19.974,-498.594,5.179,19.729,-494.681,16.153,72.880,-397.630,1123.225,1113.610,1782.011,127.747,127.569,130.275,14.141,13.962,13.855,
2.2100,16.801,16.580,17.542,1.000,0.403,5.150,1588.038,1587.269,2097.594,32.707,21.557,-517.000,7.693,21.733,-516.799,21.620,78.199,-411.360,1127.109,1099.993,1784.939,131.038,127.721,133.191,14.212,14.056,13.922,
2.2200,16.882,16.547,17.550,1.250,0.347,5.200,1587.067,1585.870,2099.696,43.542,18.604,-519.469,9.417,18.601,-521.062,27.331,67.459,-413.850,1129.998,1094.792,1790.134,132.737,129.727,134.403,14.488,14.172,14.085,
2.2300,16.882,16.450,17.525,1.250,0.361,5.000,1584.286,1588.845,2102.175,43.485,19.225,-496.375,9.515,19.635,-499.847,26.953,71.739,-399.410,1153.637,1117.640,1798.817,126.262,127.035,126.848,14.213,13.948,13.828,
2.2400,16.966,16.617,17.598,1.375,0.389,5.200,1582.876,1587.111,2100.638,46.974,20.609,-520.375,10.588,20.567,-518.566,30.098,75.317,-414.630,1124.158,1099.159,1789.796,137.829,128.280,130.785,14.376,14.043,13.976,
2.2500,17.072,16.494,17.525,3.375,0.250,5.550,1590.309,1587.427,2098.506,123.347,11.887,-548.750,26.823,12.178,-554.858,72.596,48.310,-444.060,1181.097,1073.075,1781.063,139.412,130.953,134.820,15.311,14.518,14.394,
2.2600,17.410,15.963,17.481,48.750,0.153,12.200,1585.677,1585.980,2100.556,1725.013,8.939,-1217.219,382.513,8.346,-1218.340,1055.997,30.071,-977.750,1352.781,592.755,1739.945,207.065,167.399,172.168,26.750,25.219,21.437,
2.2700,16.602,2.493,16.464,63.875,0.000,25.900,1585.379,1589.199,2100.699,1940.383,0.000,-2589.000,432.151,0.000,-2591.392,1377.587,0.000,-2067.010,1687.615,-403.985,1879.747,240.325,216.423,189.381,68.065,70.157,52.887,
2.2800,17.409,9.208,17.353,1.875,0.000,4.200,1586.605,1586.445,2098.600,29.020,0.000,-418.469,6.459,0.000,-419.955,39.845,0.000,-337.370,1195.564,1172.550,1798.389,120.557,121.363,121.515,13.141,13.036,13.051,
2.2900,17.507,13.099,17.613,4.000,0.000,4.750,1586.224,1586.060,2100.677,65.764,0.000,-472.344,14.634,0.000,-476.271,85.752,0.000,-381.840,1179.637,1124.496,1804.913,125.398,126.158,129.350,13.975,13.743,13.759,
2.3000,17.256,14.722,17.517,3.250,0.000,4.850,1588.408,1586.901,2100.028,55.802,0.000,-485.969,12.011,0.000,-484.875,70.038,0.000,-385.910,1159.043,1114.203,1785.735,126.693,126.137,130.513,14.256,14.069,13.838,
2.3100,17.375,15.814,17.565,3.375,0.000,5.100,1588.055,1586.499,2098.897,62.077,0.000,-507.375,13.687,0.000,-510.014,73.683,0.000,-405.720,1145.571,1090.753,1769.851,130.254,128.205,131.017,14.300,14.058,13.834,
2.3200,17.265,16.258,17.525,1.875,0.194,4.750,1586.840,1587.180,2098.879,36.095,9.466,-474.812,7.925,9.238,-474.340,40.615,37.719,-384.580,1153.990,1129.194,1788.988,124.824,124.864,131.241,13.717,13.633,13.604,
2.3300,17.161,16.506,17.594,1.750,0.375,5.400,1585.408,1587.029,2102.749,38.631,18.972,-541.750,8.501,19.528,-535.608,37.078,72.806,-431.730,1104.552,1080.021,1783.818,133.326,132.806,131.492,14.541,14.276,14.218,
2.3400,16.958,16.424,17.547,2.375,0.306,5.150,1589.014,1587.307,2096.722,57.737,15.359,-512.938,12.737,15.365,-516.087,52.137,59.663,-414.730,1149.481,1099.561,1794.521,134.242,128.952,133.072,14.295,14.042,14.039,
2.3500,16.991,16.470,17.500,1.125,0.306,4.850,1586.231,1586.582,2101.640,29.785,16.716,-481.125,6.434,16.929,-485.997,24.530,59.373,-387.340,1147.446,1122.442,1792.445,127.493,126.283,130.035,13.628,13.513,13.504,
2.3600,17.007,16.583,17.579,1.000,0.347,5.100,1589.627,1586.882,2102.221,24.414,18.113,-514.312,5.578,17.665,-510.042,21.559,66.643,-407.970,1119.590,1099.325,1779.740,129.259,128.950,128.088,14.242,14.080,13.918,
2.3700,16.928,16.543,17.534,1.750,0.306,5.050,1584.270,1586.133,2099.924,46.347,15.025,-501.906,10.038,15.470,-505.910,38.056,59.933,-402.370,1142.413,1106.173,1796.604,124.702,129.295,130.528,14.124,13.954,13.888,
2.3800,16.741,16.403,17.506,0.500,0.556,5.400,1585.889,1587.234,2098.015,12.890,29.264,-547.500,2.916,29.265,-539.569,10.847,108.122,-431.110,1082.417,1079.549,1786.258,132.277,131.808,134.213,14.486,14.357,14.262,
2.3900,16.759,16.518,17.545,0.875,0.292,4.950,1589.353,1586.828,2099.127,24.947,15.776,-494.531,5.349,15.900,-492.507,18.988,56.666,-393.370,1134.365,1116.357,1783.247,130.582,128.390,130.477,14.069,13.941,13.764,
2.4000,16.840,16.610,17.523,1.125,0.361,5.250,1582.726,1586.117,2102.977,32.490,19.374,-522.125,6.981,18.586,-525.229,24.921,69.903,-420.420,1111.770,1085.118,1771.637,134.153,129.648,131.583,14.448,14.293,14.068,
2.4100,16.846,16.546,17.557,1.375,0.347,5.050,1584.688,1587.266,2097.688,39.230,18.208,-505.562,8.456,18.142,-504.469,29.322,67.973,-408.920,1138.588,1111.623,1795.708,133.828,127.537,131.441,14.155,13.919,13.951,
2.4200,16.921,16.537,17.588,1.625,0.444,5.100,1590.301,1587.410,2099.382,49.524,23.696,-505.281,11.213,23.466,-511.378,35.559,85.786,-406.100,1151.361,1108.200,1806.649,132.436,127.013,129.552,14.229,14.020,13.971,
2.4300,16.938,16.397,17.505,2.375,0.250,5.550,1585.778,1585.943,2098.595,68.932,11.973,-556.219,15.211,11.969,-555.535,51.091,48.904,-446.660,1115.518,1058.964,1755.439,134.442,131.092,137.047,14.986,14.564,14.312,
2.4400,17.034,16.382,17.473,2.500,0.292,5.100,1589.341,1585.711,2097.216,78.378,14.471,-505.656,17.803,14.176,-510.639,54.243,56.633,-407.580,1175.662,1106.695,1799.263,135.520,128.242,130.600,14.403,14.034,13.991,
2.4500,17.239,16.296,17.552,4.625,0.278,5.950,1592.775,1588.098,2097.059,144.555,14.364,-591.375,32.729,14.170,-594.958,100.049,53.170,-475.120,1160.309,1040.867,1779.112,141.745,135.459,138.313,15.507,14.661,14.584,
2.4600,17.308,15.329,17.360,37.250,0.097,12.550,1585.529,1586.470,2096.739,1194.914,5.359,-1260.562,265.707,5.338,-1252.514,804.667,18.637,-1003.520,1333.045,563.079,1778.904,201.322,170.438,171.442,24.999,21.659,20.383,
2.4700,17.006,7.086,16.677,46.875,0.000,17.850,1586.489,1586.943,2095.642,1353.650,0.000,-1785.469,301.569,0.000,-1784.309,1010.900,0.000,-1439.710,1345.139,145.823,1801.637,223.643,196.524,189.184,30.639,27.203,24.681,
2.4800,17.304,10.299,17.230,8.000,0.000,5.650,1591.258,1587.918,2094.903,200.141,0.000,-566.375,44.156,0.000,-565.319,173.536,0.000,-450.380,1225.482,1066.901,1815.541,138.905,133.030,134.801,15.781,14.698,14.674,
2.4900,17.397,13.072,17.500,6.750,0.000,5.700,1583.770,1586.839,2098.652,146.882,0.000,-573.000,31.998,0.000,-566.243,145.456,0.000,-459.240,1158.862,1052.870,1787.237,141.625,132.557,136.451,15.518,14.740,14.713,
2.5000,17.297,14.623,17.496,4.250,0.000,5.050,1581.266,1586.093,2099.106,94.696,0.000,-496.406,21.084,0.000,-503.972,92.887,0.000,-407.280,1177.690,1102.712,1785.125,133.117,127.931,132.864,14.460,14.035,13.980,
2.5100,17.325,15.598,17.481,3.625,0.000,4.950,1581.551,1587.523,2099.113,77.863,0.000,-487.688,17.227,0.000,-494.778,77.679,0.000,-394.580,1172.998,1110.277,1783.272,130.107,126.813,131.252,13.967,13.674,13.651,
2.5200,17.337,16.002,17.573,4.250,0.097,5.400,1589.132,1587.056,2100.034,89.429,4.868,-541.125,19.871,5.120,-538.097,93.656,19.150,-427.310,1143.374,1073.603,1783.775,137.254,128.730,132.256,14.627,14.149,14.114,
2.5300,17.204,16.274,17.564,2.500,0.250,5.200,1586.820,1587.243,2098.037,50.929,13.257,-522.062,11.010,13.140,-521.319,54.196,49.140,-417.590,1131.400,1090.798,1784.674,131.428,126.947,131.402,14.500,14.272,14.119,
2.5400,17.148,16.341,17.598,3.125,0.278,5.450,1585.733,1586.389,2100.859,74.727,14.412,-539.844,16.134,14.168,-546.951,67.723,54.040,-434.150,1131.742,1068.726,1788.040,134.378,128.996,131.420,14.841,14.447,14.277,
2.5500,16.983,16.327,17.530,1.500,0.250,4.800,1583.451,1587.437,2102.117,34.110,13.057,-485.469,7.551,12.841,-480.413,32.143,48.742,-387.660,1149.295,1128.578,1798.089,126.501,125.233,129.428,13.887,13.686,13.686,
2.5600,16.943,16.522,17.572,0.375,0.417,5.050,1586.706,1586.541,2099.932,9.006,21.253,-503.906,2.149,20.667,-506.788,7.978,80.858,-402.480,1111.626,1101.097,1782.461,124.174,128.221,130.422,13.852,13.803,13.731,
2.5700,16.807,16.551,17.560,0.625,0.444,4.900,1584.617,1588.934,2098.125,14.867,22.074,-491.781,3.174,22.151,-488.278,13.372,87.075,-393.080,1129.530,1125.877,1803.804,127.778,127.512,130.998,13.979,13.835,13.836,
2.5800,16.677,16.500,17.526,0.500,0.444,5.350,1584.943,1586.357,2098.814,14.811,25.065,-540.219,3.424,24.598,-533.392,10.611,86.522,-428.430,1085.775,1082.121,1772.275,128.407,128.805,131.162,14.488,14.286,14.169,
2.5900,16.686,16.608,17.538,0.500,0.347,4.800,1584.914,1587.114,2102.471,15.683,17.499,-484.312,3.387,17.794,-481.059,10.759,67.230,-386.850,1131.517,1126.159,1790.202,120.999,125.811,131.472,13.977,13.806,13.715,
2.6000,16.695,16.624,17.546,0.375,0.472,5.150,1585.717,1587.627,2100.810,10.496,21.665,-518.312,2.394,22.492,-514.295,8.188,92.246,-411.440,1097.374,1099.003,1792.571,131.545,128.477,133.642,14.120,14.013,13.963,
2.6100,16.710,16.586,17.563,0.500,0.403,5.300,1589.604,1587.119,2100.041,14.248,20.508,-524.969,3.022,20.596,-529.934,10.483,78.010,-424.660,1104.647,1081.776,1766.797,132.061,127.532,134.355,14.265,14.160,14.030,
2.6200,16.870,16.587,17.571,1.625,0.444,5.100,1588.474,1587.021,2097.209,47.325,21.854,-510.906,10.707,21.962,-510.733,35.039,86.022,-406.490,1144.856,1107.999,1808.918,135.674,128.694,130.043,14.469,14.233,14.149,
2.6300,16.886,16.542,17.550,1.125,0.319,4.850,1586.215,1588.506,2102.336,38.583,15.141,-485.594,8.285,15.161,-484.566,24.239,61.999,-388.270,1149.399,1124.870,1790.996,133.425,126.046,129.612,13.900,13.679,13.645,
2.6400,16.769,16.494,17.515,0.750,0.458,5.200,1583.008,1586.382,2099.370,24.757,25.209,-523.344,5.506,24.952,-520.569,16.058,88.958,-414.920,1108.323,1096.903,1792.430,132.958,129.371,135.238,14.416,14.271,14.094,
2.6500,16.776,16.507,17.552,0.750,0.333,5.050,1590.810,1587.302,2098.695,20.804,16.997,-505.781,4.563,17.350,-506.490,15.910,64.476,-402.610,1125.932,1104.396,1782.188,124.961,129.119,128.353,14.184,14.017,13.856,
2.6600,16.956,16.569,17.573,1.875,0.403,5.450,1588.734,1586.710,2097.845,62.925,20.292,-541.781,14.298,20.482,-544.931,39.926,78.536,-435.810,1135.599,1078.134,1785.553,136.866,129.763,132.550,14.597,14.273,14.201,
2.6700,17.067,16.476,17.518,2.250,0.333,5.250,1586.027,1587.196,2096.003,75.750,17.161,-519.062,16.557,17.365,-524.462,48.512,64.138,-422.480,1154.022,1095.047,1780.599,127.254,130.752,134.892,14.696,14.280,14.133,
2.6800,17.171,16.368,17.528,5.375,0.264,6.050,1588.049,1587.401,2100.392,184.182,13.691,-608.531,41.182,13.964,-603.722,116.478,50.902,-482.120,1168.263,1037.101,1781.157,142.436,135.284,138.407,16.036,14.961,14.778,
2.6900,17.252,13.725,17.225,100.750,0.042,28.500,1588.432,1588.152,2096.450,3197.457,2.062,-2862.906,710.717,1.960,-2846.483,2175.721,8.572,-2279.190,1672.317,-601.592,1788.159,242.349,215.814,201.738,50.142,49.303,38.809,
2.7000,16.780,3.306,16.678,7.625,0.000,8.050,1587.227,1587.357,2100.834,180.479,0.000,-804.312,40.551,0.000,-806.608,163.620,0.000,-641.210,1230.002,880.289,1844.792,169.221,147.971,152.864,18.372,18.176,16.408,
2.7100,17.338,10.200,17.443,2.250,0.000,4.200,1578.921,1587.232,2100.799,36.059,0.000,-424.344,8.233,0.000,-420.215,48.060,0.000,-336.540,1187.717,1174.625,1809.119,125.529,122.688,124.764,13.162,13.018,13.116,
2.7200,17.397,13.622,17.575,2.875,0.000,4.850,1587.354,1587.434,2097.151,51.217,0.000,-482.812,11.416,0.000,-485.990,62.370,0.000,-389.680,1155.050,1112.771,1769.875,125.132,128.635,130.095,13.879,13.748,13.619,
2.7300,17.427,15.294,17.584,2.875,0.014,4.400,1580.960,1587.265,2100.910,56.065,0.800,-436.375,12.298,0.683,-440.149,62.437,2.788,-353.620,1204.053,1160.569,1815.019,122.579,122.725,123.762,13.454,13.234,13.326,
2.7400,17.370,15.903,17.589,5.250,0.056,5.750,1589.703,1587.215,2103.716,105.120,2.507,-570.281,23.108,2.680,-573.365,115.034,10.861,-459.940,1127.531,1039.820,1770.737,137.256,133.523,135.063,15.296,14.869,14.620,
2.7500,17.177,16.044,17.490,2.375,0.167,4.900,1587.078,1586.033,2097.151,45.178,8.743,-486.375,10.131,8.504,-489.476,51.131,31.988,-393.560,1155.602,1114.899,1786.373,131.335,126.442,130.968,13.714,13.601,13.649,
2.7600,17.156,16.313,17.526,3.000,0.222,5.250,1585.020,1588.798,2097.331,73.538,11.482,-524.031,15.961,11.240,-523.726,65.394,43.470,-416.180,1141.986,1091.378,1785.560,131.369,128.940,131.956,14.547,14.231,14.097,
2.7700,17.063,16.408,17.575,2.125,0.306,5.200,1586.730,1586.746,2101.689,47.504,15.802,-524.906,10.670,15.530,-521.024,45.252,58.948,-416.450,1126.780,1092.817,1793.516,130.858,130.143,131.164,14.708,14.457,14.292,
2.7800,16.942,16.431,17.524,1.125,0.264,4.900,1584.561,1586.314,2097.847,24.529,14.103,-487.875,5.652,13.739,-490.889,24.860,51.631,-392.120,1136.879,1113.957,1780.173,124.208,126.466,132.614,14.312,14.171,13.923,
2.7900,16.798,16.464,17.533,0.750,0.403,5.150,1582.777,1587.476,2099.926,17.603,18.817,-513.219,3.840,19.295,-515.719,16.193,77.983,-411.700,1105.065,1095.838,1784.082,128.556,127.587,135.749,14.333,14.254,14.058,
2.8000,16.919,16.627,17.583,0.875,0.444,4.900,1586.041,1587.774,2101.131,21.352,22.382,-490.406,5.027,22.708,-490.278,18.718,86.474,-390.380,1137.393,1122.414,1806.351,132.682,125.698,130.861,13.828,13.687,13.696,
2.8100,16.835,16.608,17.579,0.375,0.458,5.000,1588.253,1585.852,2100.028,7.893,24.043,-498.031,1.806,24.354,-500.010,8.248,89.235,-402.120,1122.640,1112.881,1799.070,127.362,125.745,129.937,13.931,13.870,13.882,
2.8200,16.777,16.531,17.574,1.000,0.403,5.200,1594.723,1585.668,2103.250,29.524,23.005,-522.438,6.385,23.360,-519.979,21.074,78.219,-417.010,1122.281,1095.389,1784.406,129.087,129.254,128.961,14.135,13.983,13.896,
2.8300,16.806,16.526,17.518,0.625,0.361,5.350,1582.184,1585.040,2101.517,18.879,17.965,-533.344,4.166,17.877,-534.222,13.439,69.984,-427.670,1091.430,1074.683,1764.162,121.774,128.976,133.661,14.389,14.297,14.071,
2.8400,16.864,16.595,17.585,0.500,0.333,4.700,1587.337,1585.298,2099.832,15.325,15.909,-467.156,3.394,15.896,-470.097,10.732,66.150,-374.730,1151.600,1134.751,1802.424,123.358,124.704,126.206,13.406,13.360,13.431,
2.8500,16.858,16.699,17.545,0.375,0.458,5.150,1586.377,1587.458,2099.234,11.824,23.379,-518.312,2.526,23.645,-513.153,8.134,88.850,-414.130,1101.470,1099.442,1778.855,126.203,128.765,129.851,14.279,14.215,14.056,
2.8600,16.691,16.494,17.554,0.500,0.528,5.450,1585.572,1587.088,2103.762,14.871,27.141,-537.125,3.447,27.464,-545.625,11.387,102.411,-433.350,1092.301,1073.397,1787.625,128.928,130.646,133.060,14.502,14.518,14.293,
2.8700,16.721,16.510,17.544,1.000,0.333,4.900,1588.961,1586.709,2103.399,33.772,17.392,-485.781,7.331,17.456,-491.285,21.559,63.902,-392.240,1151.250,1119.407,1794.508,131.620,127.552,129.341,14.101,13.910,13.810,
2.8800,16.883,16.486,17.581,2.125,0.417,5.500,1586.006,1586.523,2102.148,73.945,20.840,-558.844,16.173,20.942,-550.556,45.954,81.236,-440.820,1117.667,1072.371,1786.899,132.105,130.122,133.197,14.886,14.345,14.276,
2.8900,16.963,16.536,17.524,0.750,0.319,4.800,1585.991,1585.979,2097.327,24.498,17.382,-481.469,5.448,17.914,-478.222,15.532,61.972,-385.910,1151.342,1130.987,1787.733,128.379,124.825,130.643,13.800,13.539,13.535,
2.9000,16.954,16.576,17.587,1.250,0.472,5.450,1583.435,1586.794,2098.865,41.946,24.417,-542.094,9.342,24.837,-543.937,26.676,91.240,-436.260,1108.219,1078.641,1786.252,141.945,133.039,138.198,14.743,14.523,14.368,
2.9100,17.030,16.466,17.479,3.750,0.194,5.300,1593.948,1586.475,2095.009,131.249,11.048,-524.000,29.577,11.240,-532.181,82.039,37.193,-423.100,1192.513,1090.788,1779.119,129.625,129.725,132.360,14.896,14.190,14.048,
2.9200,17.380,15.430,17.390,66.375,0.097,15.850,1581.381,1587.644,2100.131,2231.050,5.184,-1585.062,494.603,5.011,-1584.868,1430.966,19.359,-1269.760,1453.874,329.132,1766.643,218.722,185.113,177.539,28.654,26.081,22.270,
2.9300,16.508,2.379,16.424,46.750,0.000,22.300,1584.131,1585.671,2094.985,1294.658,0.000,-2229.406,288.510,0.000,-2227.549,1012.568,0.000,-1783.740,1446.594,-176.047,1845.102,233.672,201.878,191.662,59.102,60.585,46.840,
2.9400,17.144,9.099,17.332,2.750,0.000,4.500,1579.213,1587.582,2100.204,41.988,0.000,-451.375,9.365,0.000,-450.806,60.095,0.000,-359.920,1172.459,1146.691,1805.064,124.462,124.305,123.025,13.557,13.466,13.467,
2.9500,17.301,12.964,17.556,3.375,0.000,4.750,1595.418,1587.396,2099.882,54.495,0.000,-471.812,12.151,0.000,-476.101,73.291,0.000,-380.190,1179.028,1123.657,1794.395,123.709,124.225,130.271,13.826,13.673,13.614,
2.9600,17.327,14.851,17.589,3.250,0.000,4.900,1583.774,1585.492,2100.923,55.763,0.000,-492.281,12.192,0.000,-490.455,70.598,0.000,-391.090,1146.409,1107.046,1779.310,127.420,127.127,129.221,14.010,13.841,13.667,
2.9700,17.278,15.772,17.546,4.250,0.014,4.900,1585.756,1586.135,2098.986,79.047,0.574,-486.781,17.398,0.573,-489.774,91.328,2.511,-393.200,1174.227,1113.354,1794.940,130.887,126.522,129.782,14.021,13.723,13.721,
2.9800,17.318,16.252,17.621,3.125,0.125,4.950,1581.691,1587.008,2098.450,64.744,5.783,-494.656,14.368,6.028,-494.986,66.974,24.286,-394.660,1153.611,1110.154,1785.796,126.551,126.957,131.256,14.277,14.106,13.915,
2.9900,17.131,16.317,17.539,2.250,0.208,5.200,1592.585,1586.159,2102.265,41.285,10.481,-517.469,9.412,10.468,-521.587,49.606,40.615,-415.420,1133.512,1086.529,1786.981,128.834,129.000,128.346,14.181,14.034,13.933,
3.0000,17.057,16.470,17.615,1.250,0.361,4.850,1587.587,1585.033,2102.830,28.491,17.748,-486.031,6.590,17.940,-483.170,26.798,69.262,-387.880,1146.385,1126.250,1810.294,128.147,126.417,125.888,13.764,13.632,13.715,
3.0100,16.992,16.499,17.594,1.625,0.292,5.300,1587.384,1587.796,2103.276,36.622,15.603,-529.375,8.530,15.179,-532.924,35.235,55.890,-422.460,1113.711,1079.569,1775.323,131.385,129.294,131.488,14.324,14.153,14.002,
3.0200,16.982,16.540,17.569,1.625,0.333,5.100,1582.888,1586.703,2099.919,38.115,16.391,-508.594,8.462,16.679,-511.028,35.411,64.159,-407.460,1127.702,1100.109,1789.962,130.069,129.774,128.983,14.060,13.890,13.855,
3.0300,16.740,16.426,17.513,0.625,0.347,5.150,1589.405,1587.745,2104.198,17.052,17.056,-522.125,3.787,17.128,-515.962,13.000,66.892,-412.680,1099.087,1092.914,1772.902,130.297,127.155,134.234,13.960,13.846,13.761,
3.0400,16.796,16.533,17.544,0.750,0.389,5.000,1589.370,1587.636,2106.024,19.125,20.939,-498.469,4.283,21.265,-501.076,16.180,74.939,-396.600,1133.475,1111.647,1799.064,129.316,127.310,128.601,14.412,14.271,14.025,
3.0500,16.868,16.592,17.556,0.750,0.264,4.950,1588.242,1585.746,2103.273,19.046,13.530,-496.875,4.134,13.350,-495.476,16.294,51.327,-393.260,1123.939,1107.845,1776.865,130.280,125.672,131.512,14.024,13.831,13.630,
3.0600,16.847,16.566,17.547,1.875,0.389,5.250,1584.667,1585.775,2095.679,52.191,20.685,-520.875,11.500,20.405,-525.628,40.243,76.309,-419.780,1136.436,1092.223,1792.539,133.273,130.418,132.255,14.615,14.343,14.244,
3.0700,16.880,16.532,17.593,1.250,0.403,5.200,1584.096,1586.419,2103.841,34.570,20.228,-527.312,7.611,20.661,-521.608,26.980,77.909,-418.170,1110.639,1093.633,1793.415,135.756,130.138,133.768,14.703,14.464,14.277,
3.0800,16.875,16.550,17.566,0.750,0.389,4.900,1586.327,1586.636,2096.961,23.374,20.714,-488.500,5.255,20.680,-489.726,15.903,76.687,-392.250,1141.964,1122.299,1796.464,128.795,126.007,132.806,13.680,13.556,13.612,
3.0900,16.891,16.486,17.586,1.750,0.431,5.350,1587.399,1585.770,2102.014,55.358,22.931,-537.875,12.630,22.405,-537.319,36.970,83.903,-428.130,1128.798,1083.235,1792.366,133.430,131.242,133.931,14.726,14.348,14.220,
3.1000,16.887,16.552,17.542,0.500,0.347,5.150,1585.783,1586.665,2097.604,16.051,17.218,-517.656,3.528,17.265,-515.955,10.719,68.094,-413.190,1102.262,1092.247,1765.914,126.586,127.930,131.874,14.091,14.021,13.897,
3.1100,16.915,16.598,17.562,1.250,0.389,5.000,1585.968,1585.876,2101.504,37.266,20.032,-495.625,8.299,20.251,-498.764,27.229,74.749,-400.330,1143.155,1115.036,1801.904,127.455,127.228,133.387,14.217,14.021,13.924,
3.1200,16.851,16.496,17.514,1.500,0.319,5.100,1583.214,1586.601,2100.584,52.324,15.320,-506.344,11.429,15.620,-510.753,32.764,62.681,-406.930,1143.331,1101.686,1784.759,129.108,128.696,132.970,14.223,13.903,13.790,
3.1300,16.953,16.510,17.513,1.375,0.375,5.450,1583.280,1587.217,2100.533,48.072,18.112,-544.562,10.606,18.486,-546.368,29.842,73.123,-436.040,1108.049,1071.624,1773.566,129.680,131.621,136.384,14.661,14.371,14.190,
3.1400,17.038,16.330,17.517,4.750,0.236,5.750,1584.546,1586.402,2103.338,161.549,13.046,-578.094,35.401,13.069,-577.031,102.958,45.792,-460.580,1172.745,1056.056,1785.426,146.123,133.659,135.814,15.470,14.467,14.403,
3.1500,17.294,16.135,17.513,8.750,0.111,6.400,1586.690,1586.779,2100.655,291.126,5.659,-636.656,65.478,5.857,-640.913,188.210,21.229,-511.820,1226.479,1012.596,1785.935,152.812,137.276,140.924,16.675,15.038,14.895,
3.1600,16.771,6.233,16.601,99.625,0.000,30.700,1588.762,1584.867,2102.361,3092.144,0.000,-3060.188,687.418,0.000,-3070.031,2152.514,0.000,-2456.770,1650.917,-790.842,1816.492,233.268,221.662,202.695,49.299,49.067,38.038,
3.1700,17.102,7.238,17.146,3.375,0.000,4.250,1582.875,1586.071,2099.682,64.308,0.000,-422.719,14.104,0.000,-424.736,73.426,0.000,-340.700,1223.728,1175.293,1832.004,122.570,123.048,124.826,13.446,13.126,13.313,
3.1800,17.292,11.965,17.544,4.375,0.000,5.150,1587.464,1586.206,2100.487,65.098,0.000,-515.188,14.299,0.000,-514.552,95.053,0.000,-414.550,1138.743,1086.200,1782.469,127.929,128.992,134.292,14.188,13.965,13.969,
3.1900,17.275,14.317,17.581,3.125,0.000,4.700,1589.527,1586.901,2099.994,52.153,0.000,-468.531,11.513,0.000,-470.035,67.547,0.000,-374.370,1170.381,1127.660,1789.743,126.833,126.394,128.405,13.871,13.687,13.585,
3.2000,17.393,15.610,17.583,3.000,0.000,4.650,1590.461,1584.947,2098.216,53.675,0.000,-465.969,12.215,0.000,-466.566,65.556,0.000,-373.060,1173.594,1129.716,1785.893,125.419,125.662,128.367,13.722,13.485,13.478,
3.2100,17.028,15.946,17.511,1.250,0.014,4.350,1506.070,1508.410,2098.882,26.088,0.507,-435.438,5.508,0.664,-434.406,27.054,2.727,-348.150,1104.146,1081.369,1787.358,125.596,122.560,126.355,13.428,13.271,13.194,
3.2200,16.855,16.197,17.622,0.375,0.097,4.250,1513.063,1508.608,2097.714,8.314,5.410,-427.625,1.805,5.335,-426.594,8.221,18.913,-339.520,1100.557,1089.795,1788.069,122.675,120.725,123.347,13.127,13.066,13.019,
3.2300,16.716,16.338,17.689,0.625,0.194,4.250,1506.259,1507.747,2100.897,13.882,10.209,-427.844,3.100,9.907,-424.726,13.696,37.888,-341.990,1101.090,1095.527,1807.831,124.488,123.864,123.588,13.503,13.435,13.376,
3.2400,16.548,16.351,17.687,0.000,0.167,4.450,1507.281,1507.930,2103.119,0.000,8.774,-446.312,0.000,8.952,-443.375,0.000,31.543,-356.590,1070.783,1073.727,1779.638,129.936,124.513,126.361,13.470,13.356,13.239,
3.2500,16.484,16.399,17.684,0.250,0.111,4.100,1506.135,1507.591,2102.124,6.884,5.106,-410.188,1.454,5.336,-408.010,5.548,21.384,-328.570,1107.973,1106.573,1801.256,120.693,119.864,124.117,13.064,13.014,12.994,
3.2600,16.399,16.333,17.619,0.375,0.153,4.350,1508.912,1507.630,2099.066,9.490,7.648,-438.062,2.095,7.508,-434.535,8.167,29.558,-346.890,1087.789,1082.263,1787.850,126.318,122.589,124.338,13.472,13.382,13.245,
3.2700,16.426,16.342,17.634,0.500,0.139,4.200,1507.611,1506.565,2097.290,14.053,6.548,-417.531,2.975,6.903,-420.764,10.800,26.419,-336.010,1108.089,1095.037,1796.197,120.959,121.875,127.044,13.125,13.132,13.107,
3.2800,16.480,16.312,17.623,0.125,0.125,4.250,1511.932,1506.115,2098.407,3.364,7.684,-418.188,0.766,7.405,-425.545,2.686,24.151,-337.900,1107.399,1089.418,1789.883,121.112,122.546,129.117,13.054,13.090,12.995,
3.2900,16.525,16.384,17.664,0.125,0.167,4.300,1509.803,1508.299,2100.028,3.305,8.667,-430.312,0.715,8.628,-430.556,2.592,32.393,-344.400,1090.295,1085.783,1786.421,125.398,123.587,126.601,13.141,13.164,13.098,
3.3000,16.465,16.333,17.608,0.250,0.097,4.500,1505.196,1507.770,2098.864,7.443,4.975,-444.062,1.634,4.826,-449.205,5.191,18.799,-359.480,1075.242,1066.807,1769.705,126.581,123.013,128.067,13.420,13.473,13.297,
3.3100,16.550,16.420,17.644,0.000,0.181,4.050,1510.480,1506.184,2099.180,0.000,10.419,-401.156,0.000,10.557,-404.656,0.000,34.499,-323.340,1118.234,1110.467,1805.830,115.295,120.914,120.026,12.692,12.733,12.804,
3.3200,16.460,16.351,17.653,0.000,0.153,4.500,1510.445,1508.884,2102.154,0.000,7.678,-453.469,0.000,7.546,-449.837,0.000,30.125,-358.120,1066.163,1068.211,1778.668,121.922,123.628,124.447,13.315,13.368,13.242,
3.3300,16.382,16.343,17.607,0.000,0.111,4.250,1506.050,1507.905,2102.110,0.000,5.067,-424.656,0.000,5.293,-424.927,0.000,21.526,-338.040,1086.460,1088.271,1785.596,125.174,122.297,125.384,13.177,13.169,13.046,
3.3400,16.473,16.419,17.665,0.250,0.222,4.250,1511.915,1507.443,2098.935,7.841,11.290,-424.750,1.687,11.643,-425.535,5.623,44.050,-340.520,1105.245,1094.225,1803.862,124.863,124.480,123.459,13.329,13.268,13.189,
3.3500,16.371,16.340,17.635,0.125,0.139,4.300,1506.381,1507.481,2098.521,4.917,7.181,-431.875,0.949,7.306,-431.427,2.808,25.643,-346.160,1087.656,1085.322,1785.037,120.433,123.213,126.338,13.334,13.378,13.230,
3.3600,16.396,16.346,17.611,0.000,0.097,4.100,1505.481,1509.206,2101.501,0.000,4.544,-409.844,0.000,4.577,-411.146,0.000,19.021,-330.060,1099.852,1102.269,1789.180,124.665,120.904,127.556,12.846,12.911,12.871,
3.3700,16.582,16.508,17.672,0.125,0.083,3.950,1508.513,1506.072,2099.674,4.604,4.779,-389.969,0.976,4.682,-396.385,2.909,16.612,-316.780,1126.877,1114.344,1798.594,118.128,118.345,122.187,12.815,12.813,12.776,
3.3800,16.631,16.544,17.674,0.125,0.139,4.150,1510.101,1507.588,2097.528,4.509,7.140,-415.188,0.906,7.145,-414.521,2.700,26.865,-331.630,1106.821,1101.358,1796.617,123.859,120.044,125.452,13.105,13.098,13.051,
3.3900,16.532,16.433,17.621,0.000,0.139,4.350,1506.878,1507.526,2103.571,0.000,6.416,-434.125,0.000,6.613,-434.417,0.000,26.811,-348.520,1079.378,1079.838,1781.160,124.819,121.565,129.494,13.401,13.426,13.242,
3.4000,16.390,16.334,17.569,0.125,0.097,4.400,1512.011,1506.811,2098.547,4.697,5.159,-442.406,1.019,5.297,-439.806,2.565,18.731,-351.640,1080.374,1074.337,1772.854,121.662,121.917,124.238,13.344,13.317,13.196,
3.4100,16.395,16.361,17.589,0.000,0.208,4.250,1506.987,1506.473,2100.533,0.000,10.506,-430.406,0.000,10.547,-425.653,0.000,40.338,-342.480,1086.883,1091.177,1797.662,119.716,122.063,123.843,13.197,13.125,13.137,
3.4200,16.373,16.370,17.672,0.125,0.167,4.200,1507.778,1506.665,2097.176,4.899,7.841,-421.312,1.092,7.982,-419.434,2.673,32.191,-333.590,1097.764,1095.408,1794.177,122.196,121.167,125.541,13.238,13.112,13.067,
3.4300,16.451,16.412,17.668,0.250,0.167,4.300,1509.180,1507.511,2097.528,8.701,8.213,-426.094,1.956,8.286,-429.882,5.346,32.623,-346.210,1101.285,1088.868,1794.012,121.767,124.770,124.824,13.497,13.416,13.315,
3.4400,16.526,16.399,17.691,0.500,0.111,4.400,1501.686,1507.468,2102.409,18.242,5.582,-434.844,4.205,5.581,-439.233,10.523,21.438,-354.880,1091.027,1078.112,1779.767,126.190,121.817,126.942,13.437,13.341,13.231,
3.4500,16.468,16.347,17.576,0.000,0.083,4.150,1509.554,1507.324,2100.303,0.000,3.804,-414.750,0.000,3.822,-414.049,0.000,16.429,-331.410,1098.107,1096.557,1782.771,116.729,121.194,124.244,13.041,13.030,12.928,
3.4600,16.474,16.387,17.620,0.125,0.153,4.300,1512.754,1508.186,2104.614,4.335,7.586,-430.281,1.041,7.809,-429.066,2.747,30.361,-344.220,1093.563,1087.097,1790.938,117.195,122.745,126.965,13.371,13.373,13.221,
3.4700,16.434,16.323,17.591,0.250,0.125,4.350,1507.057,1507.191,2103.607,9.947,6.244,-434.688,2.220,6.112,-435.257,5.575,24.563,-347.860,1089.782,1081.545,1790.435,123.742,122.896,128.466,13.553,13.538,13.341,
3.4800,16.407,16.342,17.598,0.125,0.111,4.250,1506.510,1505.937,2096.600,5.181,5.352,-426.062,1.116,5.282,-424.024,2.713,21.229,-340.590,1085.639,1087.059,1776.820,118.253,122.172,122.182,13.165,13.198,13.061,
3.4900,16.479,16.406,17.619,0.250,0.111,4.100,1508.862,1504.959,2098.023,9.419,6.259,-410.344,2.150,6.123,-410.083,5.508,21.708,-326.780,1117.148,1103.497,1799.208,119.084,120.679,122.322,13.065,12.906,12.903,
3.5000,16.531,16.354,17.629,0.375,0.125,4.500,1511.614,1507.528,2102.265,14.891,6.985,-450.875,3.343,6.580,-449.896,8.107,24.455,-362.660,1085.115,1068.593,1775.117,124.653,124.848,125.842,13.537,13.373,13.266,
3.5100,16.462,16.340,17.566,0.000,0.139,4.300,1508.060,1507.138,2100.123,0.000,7.176,-431.562,0.000,7.243,-430.104,0.000,27.459,-344.580,1083.674,1084.277,1783.002,120.974,122.751,125.557,13.310,13.234,13.104,
3.5200,16.456,16.357,17.645,0.125,0.125,4.050,1514.633,1508.143,2101.685,5.020,6.200,-408.438,1.098,6.221,-405.257,2.794,24.179,-322.180,1117.417,1110.205,1806.478,117.794,120.008,122.583,13.199,13.099,13.010,
3.5300,16.520,16.404,17.640,0.250,0.153,4.500,1509.198,1507.874,2098.093,10.646,6.837,-450.719,2.250,6.757,-449.705,5.474,29.437,-360.340,1075.586,1066.810,1771.078,119.678,123.785,125.082,13.429,13.305,13.187,
3.5400,16.453,16.342,17.620,0.125,0.139,4.300,1511.665,1507.763,2100.477,4.922,6.601,-431.094,1.108,6.580,-430.476,2.754,27.567,-344.660,1092.471,1085.342,1787.724,124.453,122.251,124.929,13.323,13.205,13.163,
3.5500,16.588,16.435,17.679,0.750,0.125,4.200,1505.460,1507.420,2096.760,30.557,6.997,-416.844,6.908,6.483,-420.667,16.220,24.104,-336.400,1125.881,1099.868,1799.504,124.785,122.567,128.253,13.441,13.196,13.137,
3.5600,16.630,16.399,17.650,0.625,0.111,4.300,1507.705,1506.709,2100.831,22.582,5.742,-431.344,5.055,5.945,-430.542,13.547,21.937,-347.180,1099.606,1086.140,1786.935,119.528,124.367,127.390,13.402,13.235,13.166,
3.5700,16.599,16.359,17.630,0.250,0.111,4.200,1511.333,1506.959,2105.494,10.639,4.673,-416.031,2.355,4.619,-419.483,5.467,21.816,-334.240,1115.165,1094.931,1798.153,121.433,121.304,123.665,13.008,12.871,12.861,
3.5800,16.470,16.284,17.587,0.000,0.125,4.450,1510.677,1507.785,2103.044,0.000,6.235,-443.562,0.000,5.962,-444.142,0.000,25.157,-354.850,1073.911,1070.168,1776.112,123.743,123.733,125.312,13.278,13.320,13.200,
3.5900,16.424,16.307,17.586,0.000,0.167,4.300,1508.981,1506.562,2099.933,0.000,8.942,-428.500,0.000,8.808,-429.472,0.000,32.589,-346.040,1088.800,1085.357,1784.207,117.383,121.834,123.093,13.203,13.176,13.089,
3.6000,16.385,16.278,17.575,0.125,0.097,4.200,1505.707,1508.212,2100.961,5.206,4.736,-413.156,1.093,4.827,-419.910,2.923,18.238,-333.370,1102.721,1094.304,1789.536,120.120,120.260,127.125,13.358,13.394,13.180,
3.6100,16.446,16.336,17.601,0.250,0.111,4.450,1511.240,1507.446,2100.428,8.261,5.486,-447.312,2.013,5.665,-444.517,5.285,21.013,-355.800,1078.327,1071.326,1773.424,120.030,122.761,125.679,13.309,13.278,13.116,
3.6200,16.487,16.403,17.632,0.000,0.181,4.300,1508.165,1507.281,2098.097,0.000,8.438,-430.438,0.000,8.733,-429.073,0.000,34.769,-344.530,1086.165,1086.942,1788.336,120.973,122.225,124.049,13.255,13.218,13.211,
3.6300,16.529,16.431,17.642,0.375,0.111,4.000,1509.525,1507.755,2098.076,16.229,5.508,-395.812,3.371,5.343,-400.788,7.810,21.141,-324.160,1134.786,1115.058,1800.254,121.344,120.013,124.232,12.982,12.896,12.935,
3.6400,16.431,16.297,17.554,0.125,0.222,4.550,1506.152,1507.911,2100.408,4.903,10.771,-452.375,1.161,10.845,-454.878,2.828,43.173,-364.400,1066.894,1063.446,1776.818,124.970,123.374,125.965,13.624,13.618,13.424,
3.6500,16.449,16.332,17.675,0.250,0.111,4.350,1505.319,1505.411,2102.509,9.544,5.339,-434.312,2.215,5.168,-435.413,5.488,21.661,-346.180,1089.108,1079.596,1791.281,126.942,121.161,123.516,13.254,13.123,13.074,
3.6600,16.513,16.430,17.662,0.125,0.069,3.800,1509.164,1507.849,2100.109,4.753,3.451,-387.156,1.094,3.581,-379.771,2.531,13.378,-304.690,1129.915,1132.462,1809.958,118.743,118.080,121.242,12.980,12.854,12.824,
3.6700,16.574,16.491,17.640,0.375,0.069,4.200,1509.784,1506.991,2099.327,15.262,2.861,-416.812,3.401,2.927,-419.517,7.911,13.689,-336.190,1107.849,1093.213,1784.022,120.649,120.410,124.927,13.451,13.343,13.151,
3.6800,16.586,16.438,17.625,0.250,0.125,4.400,1506.742,1506.701,2097.029,9.799,6.380,-441.656,2.208,6.330,-439.729,5.380,24.334,-352.640,1084.805,1076.390,1776.189,120.677,123.164,127.585,13.808,13.700,13.462,
3.6900,16.507,16.438,17.643,0.125,0.125,4.250,1503.604,1507.414,2103.640,5.307,6.242,-431.500,1.135,6.295,-426.049,2.524,24.300,-341.460,1083.653,1088.796,1789.005,122.095,121.829,124.415,13.384,13.257,13.128,
3.7000,16.446,16.422,17.670,0.250,0.167,4.200,1508.552,1507.939,2102.736,10.404,8.470,-419.656,2.216,8.153,-418.306,5.447,32.494,-334.180,1107.654,1099.934,1806.180,121.360,119.522,125.913,13.068,12.948,12.967,
3.7100,16.469,16.391,17.668,0.000,0.125,4.200,1503.505,1506.147,2102.297,0.000,6.352,-419.375,0.000,6.275,-420.128,0.000,24.226,-336.960,1089.986,1091.822,1787.963,117.953,122.223,127.982,13.090,13.071,12.983,
3.7200,16.433,16.469,17.654,0.125,0.069,4.300,1500.390,1507.317,2102.723,4.962,3.095,-432.531,1.131,3.167,-430.142,2.686,13.061,-344.510,1074.062,1081.459,1774.534,116.271,122.261,122.510,13.194,13.180,13.030,
3.7300,16.394,16.420,17.624,0.000,0.194,4.100,1504.904,1508.582,2101.548,0.000,9.991,-411.000,0.000,10.246,-411.229,0.000,37.483,-329.660,1106.108,1107.899,1809.897,117.291,121.830,122.714,13.016,12.967,13.039,
3.7400,16.406,16.408,17.638,0.250,0.181,4.300,1510.343,1507.775,2095.199,9.958,8.700,-432.562,2.266,8.409,-428.667,5.420,35.626,-343.550,1095.368,1088.873,1788.956,122.908,121.299,126.378,13.284,13.180,13.133,
3.7500,16.433,16.406,17.666,0.125,0.125,4.250,1505.209,1508.052,2100.428,4.304,6.878,-426.500,1.124,7.024,-424.993,2.700,23.456,-338.760,1089.700,1090.692,1785.779,121.990,122.211,123.906,13.663,13.598,13.310,
3.7600,16.440,16.432,17.653,0.000,0.167,4.300,1508.029,1508.689,2098.527,0.000,8.001,-429.344,0.000,8.391,-431.368,0.000,31.495,-345.650,1086.860,1085.882,1784.527,117.748,123.556,127.185,12.996,13.078,13.063,
3.7700,16.453,16.393,17.620,0.125,0.139,4.250,1510.816,1508.057,2097.756,4.740,6.905,-423.938,1.104,6.744,-426.087,2.734,26.453,-341.660,1099.617,1091.060,1790.697,123.942,120.839,122.371,13.183,13.089,13.056,
3.7800,16.485,16.415,17.635,0.250,0.125,4.250,1505.532,1506.564,2094.595,10.561,6.016,-423.875,2.251,5.789,-425.944,5.177,24.725,-336.440,1098.083,1088.801,1788.854,122.964,121.487,124.751,13.050,12.965,12.980,
3.7900,16.509,16.401,17.680,0.125,0.181,4.200,1504.419,1507.404,2098.385,5.327,8.302,-419.750,1.071,8.177,-421.951,2.788,35.060,-336.340,1098.469,1094.625,1799.325,120.398,122.838,122.363,13.143,13.110,13.100,
3.8000,16.457,16.406,17.657,0.125,0.111,4.250,1506.632,1506.283,2102.158,5.176,4.901,-426.562,1.125,4.935,-423.007,2.605,21.100,-339.210,1089.747,1088.973,1785.176,121.349,122.107,123.881,13.147,13.086,13.002,
3.8100,16.460,16.452,17.655,0.000,0.139,4.200,1504.894,1507.407,2098.855,0.000,6.373,-420.719,0.000,6.435,-421.448,0.000,28.154,-336.340,1090.365,1092.065,1789.143,121.740,121.337,125.572,13.167,13.175,13.050,
3.8200,16.370,16.346,17.579,0.000,0.139,4.400,1504.557,1506.969,2100.066,0.000,6.775,-437.281,0.000,6.896,-439.174,0.000,26.852,-350.680,1074.858,1075.585,1780.044,123.147,121.639,123.723,13.211,13.191,13.128,
3.8300,16.363,16.361,17.610,0.000,0.125,4.100,1505.801,1506.976,2096.693,0.000,6.280,-410.188,0.000,6.343,-407.899,0.000,23.827,-329.460,1101.452,1105.006,1789.143,121.376,122.521,120.798,13.040,13.035,12.973,
3.8400,16.472,16.481,17.692,0.250,0.139,4.350,1506.078,1507.423,2100.649,10.904,7.307,-441.156,2.288,7.034,-434.868,5.562,27.466,-346.400,1083.575,1082.291,1789.194,120.380,121.798,127.157,13.431,13.289,13.194,
3.8500,16.445,16.457,17.662,0.125,0.153,4.050,1504.479,1506.949,2098.794,4.546,7.973,-409.219,1.041,8.124,-404.955,2.747,29.849,-326.090,1107.779,1111.158,1805.300,123.580,120.732,121.739,13.209,13.158,13.085,
3.8600,16.464,16.454,17.704,0.000,0.208,4.200,1508.653,1507.166,2097.523,0.000,9.974,-416.438,0.000,10.194,-421.951,0.000,39.946,-335.260,1101.574,1094.736,1799.031,125.248,124.095,124.140,13.368,13.406,13.219,
3.8700,16.363,16.323,17.660,0.375,0.181,4.600,1506.600,1508.069,2099.364,15.147,8.732,-465.031,3.179,8.723,-460.142,8.161,35.390,-366.950,1065.927,1060.382,1778.544,122.703,123.734,126.111,13.758,13.571,13.398,
3.8800,16.408,16.394,17.692,0.000,0.181,4.300,1504.261,1506.911,2100.032,0.000,9.450,-434.781,0.000,9.400,-430.715,0.000,35.154,-345.140,1079.065,1085.714,1790.647,122.734,121.909,128.202,13.263,13.164,13.124,
3.8900,16.355,16.356,17.626,0.000,0.139,4.050,1505.309,1507.156,2096.948,0.000,6.894,-402.688,0.000,7.196,-405.490,0.000,26.629,-323.340,1108.798,1108.078,1796.727,122.993,121.010,125.175,12.893,12.940,12.931,
3.9000,16.452,16.473,17.646,0.125,0.056,4.000,1500.202,1507.869,2097.385,4.662,2.724,-403.031,1.069,2.830,-399.760,2.659,10.975,-320.420,1104.674,1112.038,1791.687,122.593,117.958,124.915,13.029,12.975,12.881,
3.9100,16.444,16.441,17.627,0.375,0.167,4.450,1504.598,1506.703,2098.805,14.328,7.297,-445.562,3.277,7.485,-442.167,8.080,31.698,-358.520,1080.931,1075.685,1780.825,122.879,126.510,124.543,13.607,13.450,13.332,
3.9200,16.414,16.432,17.640,0.250,0.125,4.300,1503.360,1507.447,2106.401,10.098,6.441,-434.094,2.265,6.333,-429.104,5.474,24.185,-343.310,1084.581,1086.749,1792.703,123.168,121.870,126.403,13.318,13.190,13.073,
3.9300,16.467,16.464,17.692,0.000,0.139,4.100,1507.187,1506.363,2097.913,0.000,6.513,-409.375,0.000,6.322,-411.212,0.000,27.466,-327.160,1105.309,1101.405,1797.159,120.344,120.636,123.333,13.020,13.028,12.974,
3.9400,16.403,16.394,17.647,0.000,0.125,4.500,1503.777,1506.805,2098.288,0.000,6.025,-447.062,0.000,6.157,-451.365,0.000,24.658,-355.710,1062.777,1061.634,1768.161,123.781,124.173,129.364,13.316,13.388,13.180,
3.9500,16.400,16.389,17.665,0.250,0.167,4.050,1503.520,1506.448,2102.436,8.994,7.430,-411.031,2.044,7.679,-406.521,5.454,32.555,-324.620,1109.222,1110.080,1816.953,117.195,120.544,122.448,13.250,13.092,13.069,
3.9600,16.369,16.369,17.641,0.000,0.069,4.150,1510.863,1508.593,2100.209,0.000,3.295,-413.781,0.000,3.374,-414.497,0.000,13.669,-332.650,1100.343,1097.333,1780.498,119.494,119.933,121.622,12.899,12.911,12.863,
3.9700,16.552,16.482,17.641,0.250,0.153,4.400,1510.113,1506.550,2099.603,8.786,7.028,-435.312,2.099,7.049,-440.944,5.656,29.612,-352.590,1090.669,1074.868,1783.051,119.643,122.910,123.896,13.337,13.300,13.220,
3.9800,16.540,16.446,17.662,0.000,0.111,4.050,1506.930,1507.389,2097.657,0.000,5.402,-410.219,0.000,5.423,-406.243,0.000,21.580,-322.560,1102.313,1106.753,1797.352,123.581,120.268,122.143,12.990,12.985,12.920,
3.9900,16.379,16.332,17.661,0.125,0.250,4.550,1506.144,1506.346,2102.040,4.490,12.258,-451.500,1.036,12.084,-452.497,2.680,49.525,-363.670,1071.392,1066.969,1790.575,123.974,125.021,129.505,13.458,13.442,13.366,
4.0000,16.393,16.343,17.669,0.125,0.139,4.000,1511.429,1507.374,2099.907,4.451,6.828,-403.844,1.010,6.832,-400.969,2.794,26.939,-318.020,1118.102,1113.503,1809.231,119.287,119.752,122.785,12.903,12.854,12.858,